"@envisioningtech","@picnicfestival"
"@bia_hvid","@picnicfestival"
"@envisioningtech","@picnicfestival"
"@sonasi","@picnicfestival"
"@picnicfestival","#offpicnic"
"#offpicnic","@dutchcowboys"
"@hesselvantuinen","@picnicfestival"
"@picnicfestival","@timoreilly47856"
"@timoreilly47856","#picnic12"
"@picnicfestival","@commons4europe"
"@commons4europe","@picnicfestival"
"@picnicfestival","#okfest"
"@bia_hvid","#amsterdam"
"#amsterdam","@picnicfestival"
"@appsterdamrs","@cmdamsterdam"
"@cmdamsterdam","@picnicfestival"
"@picnicfestival","@appsterdamrs"
"@cmdamsterdam","@picnicfestival"
"@picnicfestival","@appsterdamrs"
"@ez_amsterdam","@picnicfestival"
"@picnicfestival","#picnic12"
"@commons4europe","@picnicfestival"
"@picnicfestival","#okfest"
"@labkultur","@picnicfestival"
"@juully020","@picnicfestival"
"@picnicfestival","#picnic12"
"@arnoldvsabben","@picnicfestival"
"@picnicfestival","@kroupys"
"@arnoldvsabben","@kroupys"
"@kroupys","#newownership"
"#newownership","@arnoldvsabben"
"@arnoldvsabben","@picnicfestival"
"@picnicfestival","@kroupys"
"@kroupys","#newownership"
"#newownership","@arnoldvsabben"
"@arnoldvsabben","@picnicfestival"
"@paulbeentjes","@kroupys"
"@kroupys","#newownership"
"#newownership","@arnoldvsabben"
"@arnoldvsabben","@picnicfestival"
"@kroupys","#newownership"
"#newownership","@arnoldvsabben"
"@arnoldvsabben","@picnicfestival"
"@bas_nadorp","@picnicfestival"
"@eventengineers","@picnicfestival"
"@picnicfestival","@yoomeehq"
"@andymayer","@picnicfestival"
"@yoomeehq","@picnicfestival"
"@rosangompers","#zinin"
"#zinin","@picnicfestival"
"@_vandejong","@picnicfestival"
"@mariekevdijk","@picnicfestival"
"@picnicfestival","@thenextweb"
"@thenextweb","@picnicfestival"
"@angelicapinzon2","@picnicfestival"
"@healtheugene","@health2ams"
"@health2ams","@picnicfestival"
"@picnicfestival","#health"
"@health2ams","@picnicfestival"
"@picnicfestival","#health"
"#health","#picnic12"
"@harrietdef","@picnicfestival"
"@picnicfestival","@thenextweb"
"@thenextweb","@picnicfestival"
"@rogked","@7scenes"
"@7scenes","@picnicfestival"
"@picnicfestival","@mobile_academy"
"@mobile_academy","@rlenz"
"@rlenz","#picnic12"
"@picnicfestival","@thenextweb"
"@thenextweb","@picnicfestival"
"@picnicfestival","#picnic12"
"@picnicfestival","@thenextweb"
"@thenextweb","@picnicfestival"
"@picnicfestival","#picnic12"
"@picnicfestival","@hprins"
"@hprins","@picnicfestival"
"@picnicfestival","@lintberg100k"
"@picnicfestival","@saulcozens"
"@saulcozens","@aden_76"
"@aden_76","@picnicfestival."
"@picnicfestival","@aden_76"
"@aden_76","@picnicfestival."
"@hprins","@picnicfestival"
"@picnicfestival","@lintberg100k"
"@hesselvantuinen","@picnicfestival"
"@saulcozens","@aden_76"
"@aden_76","@picnicfestival."
"@aden_76","@picnicfestival."
"@fulltechie","@picnicfestival"
"@picnicfestival","#picnic12"
"#picnic12","#thenextweb"
"@jinath","@picnicfestival"
"@picnicfestival","#picnic12"
"@norbertgebersd","@thenextweb"
"@thenextweb","@picnicfestival"
"@webmarker_it","@picnicfestival"
"@picnicfestival","#picnic12"
"@abhinavkrishna","@picnicfestival"
"@picnicfestival","#picnic12"
"@reportingtech","@picnicfestival"
"@picnicfestival","#picnic12"
"@aktionitems","#web"
"#web","@picnicfestival"
"@picnicfestival","#picnic12"
"@lluccipha","@picnicfestival"
"@picnicfestival","#picnic12"
"@thenextweb","@picnicfestival"
"@picnicfestival","#picnic12"
"@neza714","@ajaz"
"@ajaz","@picnicfestival"
"@tombed","@ajaz"
"@ajaz","@picnicfestival"
"@androidine","@picnicfestival"
"@picnicfestival","@transnatural"
"@transnatural","@cesarharada"
"@kroupys","@picnicfestival"
"@picnicfestival","#kroupys"
"#kroupys","#2daysleft\nhttp"
"@paulbeentjes","@picnicfestival"
"@picnicfestival","#kroupys"
"#kroupys","#2daysleft\nhttp"
"@transnatural","@picnicfestival"
"@picnicfestival","@transnatural"
"@transnatural","@cesarharada"
"@vanhotnaarher","@nieuwsdmci"
"@nieuwsdmci","#dmci"
"#dmci","@designthinkers"
"@designthinkers","@picnicfestival"
"@mobile_academy","@picnicfestival"
"@picnicfestival","@mobile_academy"
"@mobile_academy","@rlenz"
"@rlenz","#picnic12"
"@7scenes","@picnicfestival"
"@picnicfestival","@mobile_academy"
"@mobile_academy","@rlenz"
"@rlenz","#picnic12"
"@mobile_academy","#mobilelearningacademy"
"#mobilelearningacademy","@rlenz"
"@rlenz","@picnicfestival."
"@7scenes","#mobilelearningacademy"
"#mobilelearningacademy","@rlenz"
"@rlenz","@picnicfestival."
"@museumappnl","@appsterdamrs"
"@appsterdamrs","@picnicfestival."
"@picnicfestival.","@7scenes"
"@7scenes","@appsterdamrs"
"@appsterdamrs","@picnicfestival."
"@picnicfestival.","@7scenes"
"@michaeladams01","@cmdamsterdam"
"@cmdamsterdam","@picnicfestival"
"@picnicfestival","@hva_nieuws"
"@hva_nieuws","@m_blekemolen"
"@appsterdamrs","@picnicfestival"
"@picnicfestival","#picnic12"
"@designthinkersg","@nieuwsdmci"
"@nieuwsdmci","#dmci"
"#dmci","@designthinkers"
"@designthinkers","@picnicfestival"
"@designthinkers","@nieuwsdmci"
"@nieuwsdmci","#dmci"
"#dmci","@designthinkers"
"@designthinkers","@picnicfestival"
"@avanlankveld","@nieuwsdmci"
"@nieuwsdmci","#dmci"
"#dmci","@designthinkers"
"@designthinkers","@picnicfestival"
"@patrickschelvis","@picnicfestival"
"@picnicfestival","#picnic12"
"@nieuwsdmci","#dmci"
"#dmci","@designthinkers"
"@designthinkers","@picnicfestival"
"@picnicfestival","#hva"
"@benmcneill","@thenextweb"
"@thenextweb","@picnicfestival"
"@picnicfestival","#picnic12"
"@amalucky","@thenextweb"
"@thenextweb","@picnicfestival"
"@picnicfestival","#picnic12"
"@kittyleering","@maartenbul"
"@maartenbul","@picnicfestival"
"@picnicfestival","#picnic12"
"@iamsterdam","@picnicfestival"
"@picnicfestival","#picnic12"
"@maartenbul","@picnicfestival"
"@picnicfestival","#picnic12"
"@firestartersnl","@picnicfestival"
"@kajero1","@martinstevensa1"
"@martinstevensa1","@picnicfestival"
"@picnicfestival","#picnic12"
"@al_dert","@picnicfestival"
"@angelicapinzon2","@picnicfestival"
"@picnicfestival","@network.org"
"@1waterlinie","@amplino"
"@amplino","#mobilesforgood"
"#mobilesforgood","#vodafone"
"#vodafone","@picnicfestival"
"@mariekevdijk","@designthinkers"
"@designthinkers","@picnicfestival"
"@picnicfestival","#designthink"
"@angelicapinzon2","@picnicfestival"
"@dt_network","@designthinkers"
"@designthinkers","@picnicfestival"
"@picnicfestival","#designthink"
"@wenovski","@designthinkers"
"@designthinkers","@picnicfestival"
"@picnicfestival","#designthink"
"@thornkvist","@gchicco"
"@gchicco","@picnicfestival"
"@picnicfestival","#picnic12"
"@barttenbrinke","@coreyhaines"
"@maradydd","@coreyhaines"
"@coreyhaines","@jdjeffers"
"@lgleasain","@coreyhaines"
"@lgleasain","@gcaprio"
"@gcaprio","@coreyhaines"
"@wndxlori","@keithrbennett"
"@keithrbennett","@coreyhaines"
"@objo","@mironlulic"
"@mironlulic","@coreyhaines"
"@joshsusser","@mironlulic"
"@mironlulic","@coreyhaines"
"@coxandrew","@coreyhaines"
"@mironlulic","@coreyhaines"
"@elight","@nowviskie"
"@nowviskie","@coreyhaines"
"@coreyhaines","@patmaddox"
"@cory_foy","@cdwillie76"
"@cdwillie76","@coreyhaines"
"@stefanhoth","@gcaprio"
"@gcaprio","@coreyhaines"
"@hugobarauna","@coreyhaines"
"@coreyhaines","@pragmaticandy"
"@stefanhoth","@coreyhaines"
"@gelicia","@coreyhaines"
"@gavinbarron","@coreyhaines"
"@parsley72","@coreyhaines"
"@coreyhaines","@kiwipom"
"@seeflanigan","@coreyhaines"
"@thomasvjames","@coreyhaines"
"@testobsessed","@coreyhaines"
"@suscov","@coreyhaines"
"@coreyhaines","@dnsimple"
"@jamesklavin","@coreyhaines"
"@coreyhaines","@marick"
"@searls","@coreyhaines"
"@coreyhaines","@\u201cif"
"@dgoerlich","@coreyhaines"
"@tunixman","@gcaprio"
"@gcaprio","@coreyhaines"
"@kiwipom","@coreyhaines"
"@mmorri","@coreyhaines"
"@coreyhaines","@gcaprio"
"@gcaprio","@coreyhaines"
"@kconrails","@coreyhaines"
"@seeflanigan","@coreyhaines"
"@jdjeffers","@coreyhaines"
"@excid3","@coreyhaines"
"@gcaprio","@coreyhaines"
"@mehulkar","@coreyhaines"
"@coreyhaines","@swagsyinc"
"@bobek_balinek","@coreyhaines"
"@jasoncarpentier","@coreyhaines"
"@troydwilson","@coreyhaines"
"@pnschofield","@coreyhaines"
"@kevwil","@coreyhaines"
"@coreyhaines","@dnsimple"
"@dnlzw","@avdende"
"@avdende","@stefanhendriks"
"@stefanhendriks","@coreyhaines"
"@coreyhaines","@arjanwulder"
"@arjanwulder","#/ruby"
"@avdende","@stefanhendriks"
"@stefanhendriks","@dnlzw"
"@dnlzw","@coreyhaines"
"@coreyhaines","@arjanwulder"
"@stefanhendriks","@dnlzw"
"@dnlzw","@coreyhaines"
"@coreyhaines","@avdende"
"@avdende","@arjanwulder"
"@arjanwulder","@avdende"
"@dnlzw","@coreyhaines"
"@coreyhaines","#katanight"
"#katanight","@stefanhendriks"
"@stefanhendriks","@avdende"
"@avdende","@arjanwulder"
"@arjanwulder","@avdende"
"@dnlzw","@stefanhendriks"
"@stefanhendriks","@avdende"
"@avdende","@coreyhaines"
"@coreyhaines","@arjanwulder"
"@trevorbramble","@coreyhaines"
"@coreyhaines","@dnsimple"
"@theimproveffect","@coreyhaines"
"@coreyhaines","@dnsimple"
"@stefanhendriks","@coreyhaines"
"@coreyhaines","@avdende"
"@avdende","@arjanwulder"
"@arjanwulder","@dnlzw"
"@dnlzw","@avdende"
"@cory_foy","@coreyhaines"
"@davidtputnam","@coreyhaines"
"@coreyhaines","@dnssimple"
"@adymitruk","@coreyhaines"
"@coreyhaines","@acolangelo"
"@jamesklavin","@coreyhaines"
"@coreyhaines","@bascule"
"@ecp5","@coreyhaines"
"@codex73","@coreyhaines"
"@coreyhaines","@dnsimple"
"@ecp5","@coreyhaines"
"@coreyhaines","@dnssimple"
"@coreyhaines","@stefanhendriks"
"@stefanhendriks","@coreyhaines"
"@coreyhaines","#katanight"
"#katanight","@avdende"
"@avdende","@arjanwulder"
"@arjanwulder","@dnlzw"
"@stefanhendriks","@avdende"
"@avdende","@coreyhaines"
"@coreyhaines","@arjanwulder"
"@arjanwulder","@dnlzw"
"@avdende","@stefanhendriks"
"@stefanhendriks","@coreyhaines"
"@coreyhaines","@arjanwulder"
"@arjanwulder","@dnlzw"
"@stefanhendriks","@coreyhaines"
"@coreyhaines","#katanight"
"#katanight","@avdende"
"@avdende","@arjanwulder"
"@arjanwulder","@dnlzw"
"@dbakevlar","@coreyhaines"
"@coreyhaines","@morendil"
"@morendil","@aeden"
"@aeden","#dbahides"
"@gcaprio","@coreyhaines"
"@coreyhaines","@dnsimple"
"@acasals","@tonylampada"
"@tonylampada","@coreyhaines"
"@coreyhaines","@dnsimple"
"@ecp5","@coreyhaines"
"@subdigital","@coreyhaines"
"@coreyhaines","@dnsimple"
"@gaskky","@jjeffries1"
"@jjeffries1","@gaskky"
"@gaskky","@coreyhaines"
"@keithrbennett","@coreyhaines"
"@keithrbennett","@coreyhaines"
"@volunteerjunkie","@coreyhaines"
"@jjeffries1","@gaskky"
"@gaskky","@coreyhaines"
"@tenderlove","@ryanyogan"
"@ryanyogan","@coreyhaines"
"@coreyhaines","@echofon"
"@ryanyogan","@tenderlove"
"@tenderlove","@coreyhaines"
"@tenderlove","@coreyhaines"
"@blaet","#priceless"
"#priceless","@aeden"
"@aeden","@coreyhaines"
"@matt_wheel","@coreyhaines"
"@coreyhaines","@aeden"
"@coreyhaines","@aeden"
"@aeden","@coreyhaines"
"@tenderlove","@coreyhaines"
"@ecomba","@aeden"
"@aeden","@coreyhaines"
"@jlecour","@aeden"
"@aeden","@coreyhaines"
"@aeden","@coreyhaines"
"@tomordonez","@coreyhaines"
"@coreyhaines","@aeden"
"@tjoekki","@coreyhaines"
"@coreyhaines","@nedap"
"@stefanhendriks","@avdende"
"@avdende","@coreyhaines"
"@coreyhaines","@xfitzyx"
"@ookami86","@coreyhaines"
"@ajeygore","@coreyhaines"
"@coreyhaines","@rubyconf"
"@niranjan_p","@coreyhaines"
"@coreyhaines","@rubyconf"
"@xfitzyx","@avdende"
"@avdende","@coreyhaines"
"@coreyhaines","@airbnb"
"@avdende","@coreyhaines"
"@coreyhaines","@xfitzyx"
"@andrewjgrimm","@andrewjgrimm"
"@andrewjgrimm","@avdi"
"@avdi","@coreyhaines"
"@coreyhaines","@bm2yogi"
"@bm2yogi","@bob_koss"
"@andrewjgrimm","@avdi"
"@avdi","@coreyhaines"
"@coreyhaines","@bm2yogi"
"@bm2yogi","@bob_koss"
"@marick","@coreyhaines"
"@adymitruk","@coreyhaines"
"@coreyhaines","@bascule"
"@davestrock","@avdi"
"@avdi","@coreyhaines"
"@coreyhaines","@bm2yogi"
"@bm2yogi","@bob_koss"
"@ajdevries","@dhanji"
"@dhanji","@coreyhaines"
"@davestrock","@bdha"
"@bdha","@avdi"
"@avdi","@coreyhaines"
"@coreyhaines","@bob_koss"
"@bob_koss","@lusis"
"@marknijhof","@coreyhaines"
"@coreyhaines","@bm2yogi"
"@bm2yogi","@avdi"
"@avdi","@bob_koss"
"@marknijhof","@coreyhaines"
"@coreyhaines","@bm2yogi"
"@bm2yogi","@avdi"
"@avdi","@bob_koss"
"@marknijhof","@avdi"
"@avdi","@coreyhaines"
"@coreyhaines","@bm2yogi"
"@bm2yogi","@bob_koss"
"@marknijhof","@coreyhaines"
"@coreyhaines","@bm2yogi"
"@bm2yogi","@avdi"
"@avdi","@bob_koss"
"@marknijhof","@avdi"
"@avdi","@coreyhaines"
"@coreyhaines","@bob_koss"
"@homegurureports","@avdi"
"@avdi","@coreyhaines"
"@coreyhaines","@bob_koss"
"@just3ws","@coreyhaines"
"@coreyhaines","@bm2yogi"
"@bm2yogi","@avdi"
"@avdi","@bob_koss"
"@day_mo","@opefas"
"@pizzazz890","@sesesweetie"
"@sesesweetie","#lastma"
"#lastma","@opefas"
"@sesesweetie","#lastma"
"#lastma","@opefas"
"@philmysta","@oged07"
"@oged07","@opefas"
"@opefas","@owy_47alex"
"@owy_47alex","@jiminaende"
"@mel_chizedek","@grace_junkie"
"@grace_junkie","@opefas"
"@opefas","@grace_junkie"
"@grace_junkie","#kjv"
"@grace_junkie","@opefas"
"@opefas","@grace_junkie"
"@grace_junkie","@opefas"
"@grace_junkie","@opefas"
"@plushykay","@opefas"
"@opefas","@plushykay"
"@pizzazz890","@opefas"
"@opefas","@damilolita"
"@damilolita","@opefas"
"@towotoma","@damilolita"
"@damilolita","@towotoma"
"@towotoma","@opefas"
"@damilolita","@heyshomy"
"@heyshomy","@opefas"
"@c_dubem","@pxc_jerry"
"@pxc_jerry","@opefas"
"@heyshomy","@damilolita"
"@damilolita","@opefas"
"@damilolita","@opefas"
"@ntanal","@opefas"
"@jfluxx","@opefas"
"@opefas","@dara_oke"
"@dara_oke","@heyshomy"
"@dara_oke","@opefas"
"@iyeonoja","@opefas"
"@ngbede","@opefas"
"@ngbede","@opefas"
"@faithelicious","@ib9jaman"
"@ib9jaman","@edomalo"
"@edomalo","@opefas"
"@opefas","@diaryforteens"
"@folabokay","@opefas"
"@opefas","@folabokay"
"@folabokay","@opefas"
"@opefas","@folabokay"
"@opefas","@edomalo"
"@edomalo","@ib9jaman"
"@ib9jaman","@faithelicious"
"@faithelicious","@opefas"
"@opefas","@diaryforteens"
"@edomalo","@ib9jaman"
"@ib9jaman","@faithelicious"
"@faithelicious","@opefas"
"@opefas","@diaryforteens"
"@ib9jaman","@edomalo"
"@edomalo","@faithelicious"
"@faithelicious","@opefas"
"@opefas","@diaryforteens"
"@ngbede","@opefas"
"@jfluxx","@opefas"
"@opefas","@sesesweetie"
"@sesesweetie","@kadagal"
"@kadagal","@jfluxx"
"@jfluxx","@kadagal"
"@kadagal","#okbye"
"#okbye","@jfluxx"
"@jfluxx","@opefas"
"@opefas","@kadagal"
"@kadagal","@sesesweetie"
"@sesesweetie","@opefas"
"@opefas","@kadagal"
"@kadagal","@mr_thelonious"
"@mr_thelonious","#justsaying"
"#justsaying","@opefas"
"@opefas","@kadagal"
"@kalmibalz","@kadagal"
"@kadagal","@opefas"
"@opefas","@kadagal"
"@jfluxx","@kadagal"
"@kadagal","#okbye"
"#okbye","@jfluxx"
"@jfluxx","@opefas"
"@opefas","@kadagal"
"@kadagal","#okbye"
"#okbye","@jfluxx"
"@jfluxx","@opefas"
"@opefas","@kadagal"
"@kadagal","@opefas"
"@opefas","@kadagal"
"@faithelicious","@opefas"
"@sesesweetie","@opefas"
"@opefas","@kadagal"
"@mr_thelonious","#justsaying"
"#justsaying","@opefas"
"@opefas","@kadagal"
"@jfluxx","@opefas"
"@tolufame","@mcslimz"
"@mcslimz","@tolufame"
"@tolufame","@opefas"
"@opefas","@tolufame"
"@mcslimz","@tolufame"
"@tolufame","@opefas"
"@opefas","@tolufame"
"@tolufame","@mtn_projectfame"
"@towotoma","@opefas"
"@jfluxx","@opefas"
"@opefas","@jfluxx"
"@jfluxx","@kadagal"
"@ven_yop","@opefas"
"@jfluxx","@opefas"
"@opefas","@kadagal"
"@opefas","@towotoma"
"@towotoma","@opefas"
"@towotoma","@opefas"
"@towotoma","@opefas"
"@tolufame","@opefas"
"@opefas","@tolufame"
"@tolufame","@mtn_projectfame"
"@jfluxx","@nguaveseakuse"
"@nguaveseakuse","@ib9jaman"
"@ib9jaman","@edomalo"
"@edomalo","@dara_oke"
"@dara_oke","@ussyyfizzy"
"@ussyyfizzy","@jake_speiderman"
"@jake_speiderman","@kadagal"
"@kadagal","@sesesweetie"
"@sesesweetie","@mimiakuse"
"@mimiakuse","@cicisoko"
"@cicisoko","@heyshomy"
"@heyshomy","@opefas"
"@opefas","@sesesweetie"
"@sesesweetie","@ib9jaman"
"@ib9jaman","@edomalo"
"@edomalo","@dara_oke"
"@dara_oke","@ussyyfizzy"
"@ussyyfizzy","@jfluxx"
"@jfluxx","@jake_speiderman"
"@jake_speiderman","@kadagal"
"@kadagal","@mimiakuse"
"@mimiakuse","@cicisoko"
"@cicisoko","@heyshomy"
"@heyshomy","@opefas"
"@sesesweetie","@ib9jaman"
"@ib9jaman","@edomalo"
"@edomalo","@dara_oke"
"@dara_oke","@ussyyfizzy"
"@ussyyfizzy","@jfluxx"
"@jfluxx","@jake_speiderman"
"@jake_speiderman","@kadagal"
"@kadagal","@mimiakuse"
"@mimiakuse","@cicisoko"
"@cicisoko","@heyshomy"
"@heyshomy","@opefas"
"@nguaveseakuse","@ib9jaman"
"@ib9jaman","@edomalo"
"@edomalo","@dara_oke"
"@dara_oke","@ussyyfizzy"
"@ussyyfizzy","@jfluxx"
"@jfluxx","@jake_speiderman"
"@jake_speiderman","@kadagal"
"@kadagal","@sesesweetie"
"@sesesweetie","@mimiakuse"
"@mimiakuse","@cicisoko"
"@cicisoko","@heyshomy"
"@heyshomy","@opefas"
"@jfluxx","@ib9jaman"
"@ib9jaman","@edomalo"
"@edomalo","@dara_oke"
"@dara_oke","@ussyyfizzy"
"@ussyyfizzy","@jake_speiderman"
"@jake_speiderman","@kadagal"
"@kadagal","@sesesweetie"
"@sesesweetie","@mimiakuse"
"@mimiakuse","@cicisoko"
"@cicisoko","@heyshomy"
"@heyshomy","@opefas"
"@ib9jaman","@edomalo"
"@edomalo","@dara_oke"
"@dara_oke","@ussyyfizzy"
"@ussyyfizzy","@jfluxx"
"@jfluxx","@jake_speiderman"
"@jake_speiderman","@kadagal"
"@kadagal","@sesesweetie"
"@sesesweetie","@mimiakuse"
"@mimiakuse","@cicisoko"
"@cicisoko","@heyshomy"
"@heyshomy","@opefas"
"@heyshomy","@opefas"
"@nietranium","@opefas"
"@nietranium","@opefas"
"@sesesweetie","@heyshomy"
"@heyshomy","@edomalo"
"@edomalo","@opefas"
"@opefas","@ib9jaman"
"@oonyum","@opefas"
"@heyshomy","@edomalo"
"@edomalo","@opefas"
"@opefas","@ib9jaman"
"@ib9jaman","@sesesweetie"
"@nuttyornate","@opefas"
"@opefas","@nuttyornate"
"@opefas","@hazel_eyedbelle"
"@hazel_eyedbelle","@opefas"
"@opefas","@lecrae."
"@hazel_eyedbelle","@opefas"
"@opefas","@lecrae."
"@edomalo","@opefas"
"@opefas","@ib9jaman"
"@ib9jaman","@sesesweetie"
"@sesesweetie","@heyshomy"
"@edomalo","@opefas"
"@opefas","@ib9jaman"
"@ib9jaman","@sesesweetie"
"@sesesweetie","@heyshomy"
"@edomalo","@heyshomy"
"@heyshomy","@ib9jaman"
"@ib9jaman","@sesesweetie"
"@sesesweetie","@opefas"
"@heyshomy","@edomalo"
"@edomalo","@ib9jaman"
"@ib9jaman","@sesesweetie"
"@sesesweetie","@opefas"
"@edomalo","@ib9jaman"
"@ib9jaman","@sesesweetie"
"@sesesweetie","@heyshomy"
"@heyshomy","@opefas"
"@ib9jaman","@faithelicious"
"@faithelicious","@edomalo"
"@edomalo","@jojocoolfm"
"@jojocoolfm","@ib9jaman"
"@ib9jaman","@opefas"
"@ib9jaman","@faithelicious"
"@faithelicious","@edomalo"
"@edomalo","@jojocoolfm"
"@jojocoolfm","@ib9jaman"
"@ib9jaman","@opefas"
"@faithelicious","@edomalo"
"@edomalo","@jojocoolfm"
"@jojocoolfm","@ib9jaman"
"@ib9jaman","@opefas"
"@heyshomy","@opefas"
"@opefas","@edomalo"
"@edomalo","@jojocoolfm"
"@jojocoolfm","@ib9jaman"
"@ib9jaman","@faithelicious"
"@edomalo","@opefas"
"@opefas","@jojocoolfm"
"@jojocoolfm","@ib9jaman"
"@ib9jaman","@faitheliciousim"
"@edomalo","@jojocoolfm"
"@jojocoolfm","@ib9jaman"
"@ib9jaman","@faithelicious"
"@faithelicious","@opefas"
"@femifems","@faithelicious"
"@faithelicious","@edomalo"
"@edomalo","@jojocoolfm"
"@jojocoolfm","@opefas"
"@ib9jaman","@faithelicious"
"@faithelicious","@jojocoolfm"
"@jojocoolfm","@ib9jaman"
"@ib9jaman","@edomalo"
"@edomalo","@opefas"
"@jojocoolfm","@ib9jaman"
"@ib9jaman","@faithelicious"
"@faithelicious","@edomalo"
"@edomalo","@opefas"
"@faithelicious","@jojocoolfm"
"@jojocoolfm","@ib9jaman"
"@ib9jaman","@edomalo"
"@edomalo","@opefas"
"@ib9jaman","@edomalo"
"@edomalo","@faithelicious"
"@faithelicious","@jojocoolfm"
"@jojocoolfm","@opefas"
"@jojocoolfm","@faithelicious"
"@faithelicious","@edomalo"
"@edomalo","@opefas"
"@opefas","@ib9jaman"
"@edomalo","@faithelicious"
"@faithelicious","@jojocoolfm"
"@jojocoolfm","@opefas"
"@opefas","@ib9jaman"
"@ib9jaman","#winchi-winchi"
"@ib9jaman","@jojocoolfm"
"@jojocoolfm","@ib9jaman"
"@ib9jaman","@faithelicious"
"@faithelicious","@edomalo"
"@edomalo","@opefas"
"@edomalo","@faithelicious"
"@faithelicious","@edomalo"
"@edomalo","@jojocoolfm"
"@jojocoolfm","@opefas"
"@faithelicious","@edomalo"
"@edomalo","@jojocoolfm"
"@jojocoolfm","@opefas"
"@opefas","@ib9jaman"
"@jojocoolfm","@ib9jaman"
"@ib9jaman","@faithelicious"
"@faithelicious","@edomalo"
"@edomalo","@opefas"
"@ib9jaman","@faithelicious"
"@faithelicious","@edomalo"
"@edomalo","@ib9jaman"
"@ib9jaman","@jojocoolfm"
"@jojocoolfm","@opefas"
"@opefas","#insomniac"
"@faithelicious","@edomalo"
"@edomalo","@ib9jaman"
"@ib9jaman","@jojocoolfm"
"@jojocoolfm","@opefas"
"@opefas","#insomniac"
"@ib9jaman","@jojocoolfm"
"@jojocoolfm","@ib9jaman"
"@ib9jaman","@faithelicious"
"@faithelicious","@edomalo"
"@edomalo","@opefas"
"@jojocoolfm","@ib9jaman"
"@ib9jaman","@faithelicious"
"@faithelicious","@edomalo"
"@edomalo","@opefas"
"@ib9jaman","@faithelicious"
"@faithelicious","@opefas"
"@opefas","@edomalo"
"@edomalo","@jojocoolfm"
"@jojocoolfm","#nf"
"@edomalo","@ib9jaman"
"@ib9jaman","@faithelicious"
"@faithelicious","@edomalo"
"@edomalo","@jojocoolfm"
"@jojocoolfm","@opefas"
"@ib9jaman","@faithelicious"
"@faithelicious","@edomalo"
"@edomalo","@jojocoolfm"
"@jojocoolfm","@opefas"
"@faithelicious","@ib9jaman"
"@ib9jaman","@opefas"
"@opefas","@edomalo"
"@edomalo","@jojocoolfm"
"@jojocoolfm","#insomniac"
"@edomalo","@ib9jaman"
"@ib9jaman","@opefas"
"@opefas","@edomalo"
"@edomalo","@jojocoolfm"
"@jojocoolfm","@faithelicious"
"@ib9jaman","@opefas"
"@opefas","@edomalo"
"@edomalo","@jojocoolfm"
"@jojocoolfm","@faithelicious"
"@faithelicious","@ib9jaman"
"@ib9jaman","@edomalo"
"@edomalo","@jojocoolfm"
"@jojocoolfm","@opefas"
"@opefas","#insomniac"
"@ib9jaman","@jojocoolfm"
"@jojocoolfm","@faithelicious"
"@faithelicious","@ib9jaman"
"@ib9jaman","@edomalo"
"@edomalo","@opefas"
"@amiridis","@alskia"
"@alskia","@johnpagonis"
"@johnpagonis","@dipapan"
"@dipapan","@insideabox"
"@insideabox","@hypest"
"@hypest","@alskia"
"@alskia","@johnpagonis"
"@johnpagonis","@dipapan"
"@dipapan","@insideabox"
"@loft2work","@alskia"
"@loft2work","@alskia"
"@aleemhab","@appsterdamgr"
"@appsterdamgr","@alskia"
"@alskia","@__r__o__n__"
"@__r__o__n__","@olmageddon"
"@appsterdamgr","@alskia"
"@alskia","@aleemhab"
"@aleemhab","@__r__o__n__"
"@__r__o__n__","@olmageddon"
"@olmageddon","@alskia"
"@alskia","@appsterdamgr"
"@hypest","@alskia"
"@alskia","@arcandros"
"@arcandros","@dipapan"
"@johnpagonis","@alskia"
"@alskia","@colab"
"@colab","@tazza"
"@johnpagonis","@alskia"
"@alskia","@amiridis"
"@dipapan","@arcandros"
"@arcandros","@hypest"
"@hypest","@alskia"
"@arcandros","@hypest"
"@hypest","@alskia"
"@alskia","@dipapan"
"@hypest","@arcandros"
"@arcandros","@dipapan"
"@dipapan","@alskia."
"@alskia.","#thess.rb"
"@appsterdamgr","@alskia"
"@alskia","@colab"
"@colab","@tazza"
"@olmageddon","@alskia"
"@alskia","@spllr"
"@amiridis","@arcandros"
"@arcandros","@alskia"
"@arcandros","@amiridis"
"@amiridis","@alskia"
"@mahdishariff","@rlenz"
"@rlenz","#ideathon"
"@mahdishariff","@rlenz"
"@rlenz","@mahdishariff"
"@mahdishariff","#ideathon"
"@picnicfestival","@mobile_academy"
"@mobile_academy","@rlenz"
"@rlenz","#picnic12"
"@hirumianajones","@rlenz"
"@rlenz","@picnicfestival"
"@epologee","@playfulpanda1"
"@playfulpanda1","@twelve_20"
"@ashalynd","@playfulpanda1"
"@tar1na","@playfulpanda1"
"@playfulpanda1","#picnic"
"@appsterdamrs","@playfulpanda1"
"@playfulpanda1","#appsterdam"
"#appsterdam","#picnic"
"@iotmadrid","@monterolabs"
"@monterolabs","@jgalaron"
"@jgalaron","@ipadnanito"
"@ipadnanito","@darkomen"
"@darkomen","@trecedejunio"
"@doejo","@starterleague"
"@starterleague","#tsldemo"
"@bowtruss","@shayhowe"
"@shayhowe","#tsldemo."
"#tsldemo.","@starterleague"
"@starterleague","@bowtruss"
"@giveforward","@romemike"
"@romemike","@starterleague"
"@starterleague","#tsldemo"
"#tsldemo","@giveforward"
"@vcabansag","#tsldemo"
"@romemike","@starterleague"
"@starterleague","#tsldemo"
"#tsldemo","@giveforward"
"@kristengf","@romemike"
"@romemike","@starterleague"
"@starterleague","#tsldemo"
"#tsldemo","@giveforward"
"@giveforward","@1871"
"@designhawg","@vcabansag"
"@vcabansag","@starterleague"
"@starterleague","#tsldemo"
"#tsldemo","#stockon"
"#stockon","#lasalle"
"@me_so_far","@wrizal"
"@wrizal","#tsldemo"
"#tsldemo","@me_so_far"
"@mabelthetable","@smithschwartz"
"@smithschwartz","#screenforall"
"#screenforall","#tsldemo"
"@mabelthetable","@starterleague"
"@starterleague","#tsldemo"
"@obenzvy","@robomex"
"@robomex","@nealsales"
"@nealsales","@michaelmcgee"
"@michaelmcgee","@1871chicago"
"@1871chicago","#tsldemo"
"@vgdub","@robomex"
"@robomex","@nealsales"
"@nealsales","@michaelmcgee"
"@michaelmcgee","@1871chicago"
"@1871chicago","#tsldemo"
"@rudyonrails","@robomex"
"@robomex","@nealsales"
"@nealsales","@michaelmcgee"
"@michaelmcgee","@1871chicago"
"@1871chicago","#tsldemo"
"@vcabansag","@starterleague"
"@starterleague","#tsldemo"
"#tsldemo","#stockon"
"#stockon","#lasalle"
"@monaparikhesq","#awwwww"
"#awwwww","#tsldemo"
"#tsldemo","@moe"
"@monaparikhesq","@shmi_so_far"
"@shmi_so_far","#tsldemo"
"#tsldemo","@starterleague"
"@starterleague","@moe"
"@starterleague","@jason_early"
"@jason_early","#tsldemo"
"#tsldemo","@starterleague."
"@romemike","@michaelmcgee"
"@michaelmcgee","@nealsales"
"@nealsales","@shayhowe"
"@shayhowe","@chanan"
"@chanan","@starterleague"
"@starterleague","#tsldemo"
"@romemike","@starterleague"
"@starterleague","#tsldemo"
"#tsldemo","@giveforward"
"@giveforward","@1871"
"@vgdub","@starterleague"
"@starterleague","#tsldemo"
"#tsldemo","@moe"
"@michaelmcgee","#tsldemo"
"#tsldemo","@moe"
"@miniaturemotion","@kendraolvany"
"@kendraolvany","@giveforward"
"@giveforward","@starterleague"
"@starterleague","#tsldemo."
"@me_so_far","@lovehasnologic"
"@lovehasnologic","@me_so_far"
"@me_so_far","#tsldemo"
"@jason_early","#tsldemo"
"#tsldemo","@starterleague."
"@designvisionary","@me_so_far"
"@me_so_far","#tsldemo"
"@designvisionary","@michaelmcgee"
"@michaelmcgee","#tsldemo"
"#tsldemo","@1871"
"@designvisionary","@scottvold"
"@scottvold","@starterleague"
"@starterleague","#tsldemo"
"@designvisionary","@robomex"
"@robomex","@nealsales"
"@nealsales","@michaelmcgee"
"@michaelmcgee","@1871chicago"
"@1871chicago","#tsldemo"
"@designvisionary","@kendraolvany"
"@kendraolvany","@starterleague"
"@starterleague","@northwesternu"
"@northwesternu","@michaelmcgee"
"@michaelmcgee","@nealsales"
"@nealsales","#tsldemo"
"@designvisionary","@lnhaynes"
"@lnhaynes","@nealsales"
"@nealsales","#tsldemo"
"@ashleysheeran","@1871chicago"
"@1871chicago","#tsldemo"
"@alfredjingoes","@1871chicago"
"@1871chicago","#tsldemo"
"@1871chicago","#tsldemo"
"@caitymoran","#tsldemo"
"#tsldemo","@starterleague"
"@lizmatches","@doejo"
"@doejo","@nealsales"
"@nealsales","@starterleague"
"@starterleague","@barackobama."
"@barackobama.","#tsldemo"
"@jasonshanfield","@1871"
"@1871","#tsldemo"
"@lnhaynes","#tsldemo"
"@heidiekmassey","@lnhaynes"
"@lnhaynes","@nealsales"
"@nealsales","#tsldemo"
"@lovehasnologic","@me_so_far"
"@me_so_far","#tsldemo"
"@kendraolvany","@starterleague"
"@starterleague","@northwesternu"
"@northwesternu","@michaelmcgee"
"@michaelmcgee","@nealsales"
"@nealsales","#tsldemo"
"@lnhaynes","@nealsales"
"@nealsales","#tsldemo"
"@doejo","@37signals"
"@37signals","@starterleague"
"@starterleague","#tsldemo"
"@robomex","@nealsales"
"@nealsales","@michaelmcgee"
"@michaelmcgee","@1871chicago"
"@1871chicago","#tsldemo"
"@doejo","@nealsales"
"@nealsales","@starterleague"
"@starterleague","@barackobama."
"@barackobama.","#tsldemo"
"@lnhaynes","@harper"
"@harper","@michaelmcgee"
"@michaelmcgee","@nealsales"
"@nealsales","#tsldemo"
"@sidiron","@me_so_far"
"@me_so_far","#tsldemo"
"@lizmatches","#tsldemo"
"@wrizal","#tsldemo"
"#tsldemo","@me_so_far"
"@msgomar","@starterleague"
"@starterleague","#tsldemo"
"@wrizal","#tsldemo"
"@doejo","@me_so_far"
"@me_so_far","#tsldemo"
"@wrizal","#tsldemo"
"@designhawg","#tsldemo"
"@kendraolvany","@starterleague"
"@starterleague","#tsldemo"
"@lnhaynes","@me_so_far"
"@me_so_far","#tsldemo"
"@lnhaynes","@me_so_far"
"@me_so_far","#tsldemo"
"#tsldemo","#ciw"
"@manbarrpig","@mankeij"
"@mankeij","#savingtrees"
"#savingtrees","#free"
"#free","@pummer"
"@pummer","#tsldemo"
"@wrizal","#tsldemo"
"@pummer","@mankeij"
"@mankeij","#savingtrees"
"#savingtrees","#free"
"#free","@pummer"
"@pummer","#tsldemo"
"@doejo","#tsldemo"
"@zboswell","@scottweisman"
"@scottweisman","@rudyonrails"
"@rudyonrails","@starterleague"
"@starterleague","#tsldemo"
"@wrizal","#tsldemo"
"@kelseylk","#tsldemo"
"@doejo","#tsldemo"
"@kendraolvany","@vgdub"
"@vgdub","@starterleague"
"@starterleague","#tsldemo"
"@eceilhan","@jthomas720"
"@jthomas720","@tryjit"
"@tryjit","#tsldemo"
"@eceilhan","#jitit"
"#jitit","#tsldemo"
"@jthomas720","@tryjit"
"@tryjit","#tsldemo"
"@doejo","#tsldemo"
"@wrizal","#tsldemo"
"@sidiron","@jimmyodom"
"@jimmyodom","#tsldemo"
"@bbstanley","@danhoover"
"@danhoover","#tsldemo"
"@doejo","#tsldemo"
"@scottweisman","@msgomar"
"@msgomar","@starterleague"
"@starterleague","#tsldemo"
"@lizmatches","#tsldemo"
"@sidiron","@jimmyodom"
"@jimmyodom","#tsldemo"
"@wrizal","#tsldemo"
"@doejo","#tsldemo"
"@starterleague","#tsldemo"
"@eceilhan","@yourdoor"
"@yourdoor","#tsldemo"
"@lizmatches","#tsldemo"
"@mankeij","#savingtrees"
"#savingtrees","#free"
"#free","@pummer"
"@pummer","#tsldemo"
"@starterleague","@pummer"
"@pummer","#tsldemo"
"@wrizal","#tsldemo"
"@michaelhaapa","#tsldemo"
"#tsldemo","#slushfund"
"@doejo","#tsldemo"
"@doejo","#tsldemo"
"@wrizal","#tsldemo"
"@doejo","#tsldemo"
"@lizmatches","#tsldemo"
"@eceilhan","#demoday."
"#demoday.","@starterleague"
"@starterleague","#tsldemo"
"@eceilhan","#tsldemo"
"@scottweisman","@rudyonrails"
"@rudyonrails","@starterleague"
"@starterleague","#tsldemo"
"@bbstanley","#screenforall"
"#screenforall","#tsldemo"
"@wrizal","#tsldemo"
"@doejo","#tsldemo"
"@lnhaynes","@starterleague"
"@starterleague","#tsldemo"
"@myfibroblast","@starterleague"
"@starterleague","#tsldemo"
"@e_mazz","@piyushsinha"
"@piyushsinha","#tsldemo"
"#tsldemo","#slushfund"
"@starterleague","@kendraolvany"
"@kendraolvany","@starterleague"
"@starterleague","#tsldemo\n"
"#tsldemo\n","@zboswell"
"@zboswell","@skinceo"
"@appsterdamgr","@olmageddon"
"@olmageddon","#appsterdammers"
"#appsterdammers","@appsterdamgr"
"@appsterdamgr","@..."
"@o_trixlidios","@olmageddon"
"@olmageddon","#appsterdammers"
"#appsterdammers","@appsterdamgr"
"@appsterdamgr","@..."
"@spllr","@olmageddon"
"@olmageddon","#appsterdammers"
"#appsterdammers","@appsterdamgr"
"@appsterdamgr","@..."
"@vpmech","@olmageddon"
"@olmageddon","#appsterdammers"
"#appsterdammers","@appsterdamgr"
"@appsterdamgr","@..."
"@alskia","@appsterdamgr"
"@appsterdamgr","@aleemhab"
"@aleemhab","@__r__o__n__"
"@__r__o__n__","@olmageddon"
"@alskia","@olmageddon"
"@olmageddon","@appsterdamgr"
"@appsterdamgr","@aleemhab"
"@alskia","@olmageddon"
"@spllr","@olmageddon"
"@olmageddon","#appsterdam"
"@appsterdam","@olmageddon"
"@olmageddon","#appsterdam"
"@appsterdamrs","@olmageddon"
"@olmageddon","#appsterdam"
"@teoulas","@spllr"
"@spllr","@olmageddon"
"@tehn00b","@spllr"
"@spllr","@olmageddon"
"@appsterdamgr","@spllr"
"@spllr","@olmageddon"
"@spllr","@olmageddon"
"@pasquale_stella","@pauldarcey"
"@pauldarcey","@indutny"
"@indutny","@olmageddon"
"@olmageddon","@ccrraaiigg"
"@pauldarcey","@indutny"
"@indutny","@olmageddon"
"@olmageddon","@ccrraaiigg"
"@alskia","@spllr"
"@spllr","@olmageddon"
"@karlbecker_com","@tmaes"
"@karlbecker_com","@tmaes"
"@bcharp","@tmaes"
"@heere","@tmaes"
"@heere","@tmaes"
"@heere","@tmaes"
"@casademora","@tmaes"
"@pauldarcey","@tmaes"
"@tmaes","@casademora"
"@pauldarcey","@tmaes"
"@tmaes","@casademora"
"@obliviux","@tmaes"
"@tmaes","@olemoritz"
"@blackjack75","@tmaes"
"@tmaes","@olemoritz"
"@pauldarcey","@casademora"
"@casademora","@tmaes"
"@bjornjeffery","@tmaes"
"@bjornjeffery","@tmaes"
"@casademora","@tmaes"
"@macguitar","@tmaes"
"@pbur","@tmaes"
"@macguitar","@tmaes"
"@macguitar","@tmaes"
"@macguitar","@tmaes"
"@alaingeenrits","@tmaes"
"@tmaes","@apple"
"@copiousfreetime","@tmaes"
"@copiousfreetime","@tmaes"
"@hansv","@tmaes"
"@dwiskus","@tmaes"
"@macguitar","@tmaes"
"@tmaes","#welcome"
"@macguitar","@hansv"
"@hansv","@tmaes"
"@tmaes","@360idev"
"@hansv","@macguitar"
"@macguitar","@tmaes"
"@tmaes","@360idev."
"@360idev","@tmaes"
"@tmaes","#360idev"
"@cjkihlbom","@tmaes"
"@kmcgrady","@tmaes"
"@dwiskus","@tmaes"
"@judykitteh","@tmaes"
"@tmaes","@dwiskus"
"@hansv","@tmaes"
"@macguitar","@stuffmc"
"@stuffmc","@tmaes"
"@tmaes","@objcgn"
"@stuffmc","@macguitar"
"@macguitar","@tmaes"
"@tmaes","@objcgn"
"@macguitar","@tmaes"
"@karlbecker_com","@tmaes"
"@tmaes","@ryanunderdev"
"@ryanunderdev","#360idev"
"@ryanunderdev","@tmaes"
"@berttimmermans","@tmaes"
"@avbelow","@tmaes"
"@tmaes","@..."
"@macguitar","@tmaes"
"@macguitar","@tmaes"
"@martinwinter","@tmaes"
"@ahigherugliness","@inferis"
"@inferis","@tmaes"
"@tmaes","@marcoarment"
"@marcoarment","#yesterday"
"@inferis","@tmaes"
"@tmaes","#wouldntthatbegreat"
"@inferis","@tmaes"
"@tmaes","@marcoarment"
"@jimmythrasher","@tmaes"
"@maeseele","@tmaes"
"@maeseele","@tmaes"
"@maeseele","@tmaes"
"@maeseele","@tmaes"
"@maeseele","@tmaes"
"@maeseele","@tmaes"
"@hansv","@tmaes"
"@bdeithrick","@dermdaly"
"@dermdaly","@tmaes"
"@hansv","@tmaes"
"@tmaes","@borgerhout"
"@olebegemann","@tmaes"
"@olebegemann","@tmaes"
"@izs","@tmaes"
"@jetlovers","@tmaes"
"@daksis","@tmaes"
"@janl","@tmaes"
"@alaingeenrits","@tmaes"
"@objo","@tmaes"
"@tmaes","#funconf"
"@alexbrooks","@tmaes"
"@janl","@fholzhauer"
"@fholzhauer","@tmaes"
"@tmaes","#funconf"
"@fholzhauer","@tmaes"
"@tmaes","#funconf"
"@eamonleonard","@tmaes"
"@tmaes","#funconf"
"@janl","@tmaes"
"@tmaes","#funconf"
"@adurdin","@tmaes"
"@tmaes","@gassee"
"@judykitteh","@pfundsteinm"
"@judykitteh","@pfundsteinm"
"@pfundsteinm","@pr1001"
"@jneiku","@pr1001"
"@jneiku","@pr1001"
"@zhigazig","@pr1001"
"@woodrad","@pr1001"
"@jvdgoot","@pr1001"
"@spllr","@pr1001"
"@pr1001","@appsterdamrs"
"@jvdgoot","@pr1001"
"@jvdgoot","@pr1001"
"@gregdsouza","@pr1001"
"@mdbraber","@pr1001"
"@pr1001","#momoams"
"#momoams","@marcfonteijn"
"@mdbraber","@pr1001"
"@saghul","@pr1001"
"@saghul","@pr1001"
"@pr1001","@pr1001"
"@pr1001","@saghul"
"@gregdsouza","@pr1001"
"@madewulf","@pr1001"
"@mathys","@pr1001"
"@kristenjoy","@pr1001"
"@gregdsouza","@pr1001"
"@gregdsouza","@pr1001"
"@brianleroux","@pr1001"
"@gregdsouza","@pr1001"
"@gregdsouza","@pr1001"
"@gregdsouza","@pr1001"
"@millar","@pr1001"
"@gregdsouza","@pr1001"
"@gregdsouza","@pr1001"
"@pr1001","@michaelneale"
"@michaelneale","@pr1001"
"@michaelneale","@pr1001"
"@katerobards","@pr1001"
"@jdevoo","@frescosecco"
"@frescosecco","@tigoe"
"@tigoe","@edborden"
"@frescosecco","@jdevoo"
"@jdevoo","@tigoe"
"@tigoe","@edborden"
"@frescosecco","@jdevoo"
"@jdevoo","@tigoe"
"@tigoe","@edborden"
"@edborden","@frescosecco"
"@jdevoo","@tigoe"
"@tigoe","@edborden"
"@edborden","@frescosecco"
"@tumaku_","@edborden"
"@edborden","#airqualityegg"
"#airqualityegg","@javaun"
"@21croissants","@edborden"
"@edborden","#airqualityegg"
"@moffatmn","@afromusing"
"@afromusing","@edborden"
"@albertsun","@edborden"
"@edborden","#airqualityegg"
"#airqualityegg","@javaun"
"@cosm","@edborden"
"@edborden","#airqualityegg"
"#airqualityegg","@javaun"
"@javaun","@edborden"
"@edborden","#airqualityegg"
"#airqualityegg","@javaun"
"@mathemagie","@edborden"
"@edborden","#airqualityegg"
"#airqualityegg","@javaun"
"@gy4nt","@edborden"
"@buttonmasherz","@richardgarriott"
"@richardgarriott","@xbbx"
"@xbbx","@edborden"
"@gktogobo","@afromusing"
"@afromusing","@edborden"
"@hirumianajones","@edborden"
"@rombokins","@edborden"
"@edborden","@afromusing"
"@afromusing","@edborden"
"@gy4nt","@edborden"
"@techfrogg","@edborden"
"@hirumianajones","@edborden"
"@edborden","#gangnamstyle"
"@iotwatch","@thorstenkampp"
"@thorstenkampp","@iotwatch"
"@iotwatch","@edborden"
"@edborden","#openiot"
"@thorstenkampp","@iotwatch"
"@iotwatch","@edborden"
"@edborden","#openiot"
"@pbeeker","@edborden"
"@benosteen","@edborden"
"@smeh","@edborden"
"@mattdance","@edborden"
"@edborden","#airqualityegg"
"@hirumianajones","@edborden"
"@edborden","@tamiiiiiiiiiiii"
"@tamiiiiiiiiiiii","@edborden"
"@edborden","@hirumianajones"
"@hirumianajones","@edborden"
"@javaun","@edborden"
"@edborden","#opendata"
"@javaun","#airqualityegg"
"#airqualityegg","@edborden"
"@edborden","#iot"
"@buttonmasherz","@xbbx"
"@xbbx","@realbengilbert"
"@realbengilbert","@edborden"
"@iamrieta","@edborden"
"@edborden","#beonfire"
"#beonfire","#aqe"
"@adam_lasko","@edborden"
"@jdevoo","@edborden"
"@edborden","@jdevoo"
"@csc","@katzy"
"@katzy","@smithh"
"@smithh","@cscnews"
"@cscnews","@cosm"
"@cosm","@iotwatch"
"@iotwatch","@edborden"
"@edborden","@jdevoo"
"@jdevoo","@newcitiesfound"
"@newcitiesfound","@edborden"
"@edborden","@elsatch"
"@elsatch","#citizensensing"
"@jdevoo","@newcitiesfound"
"@newcitiesfound","@edborden"
"@edborden","@elsatch"
"@elsatch","#citizensensing"
"@graham_hitchen","@katzy"
"@katzy","@smithh"
"@smithh","@cscnews"
"@cscnews","@cosm"
"@cosm","@iotwatch"
"@iotwatch","@edborden"
"@katzy","@smithh"
"@smithh","@cscnews"
"@cscnews","@cosm"
"@cosm","@iotwatch"
"@iotwatch","@edborden"
"@rocketboy76","@edborden"
"@edborden","#okfest"
"@elsatch","@edborden"
"@edborden","#okfest"
"@miskaknapek","@edborden"
"@edborden","#okfest"
"@floppy","@edborden"
"@cleanairuk","@smithh"
"@smithh","@cscnews"
"@cscnews","@cosm"
"@cosm","@iotwatch"
"@iotwatch","@edborden"
"@iotwatch","@smithh"
"@smithh","@cscnews"
"@cscnews","@cosm"
"@cosm","@iotwatch"
"@iotwatch","@edborden"
"@thingternet","@iotwatch"
"@iotwatch","#iot"
"@aallan","@iotwatch"
"@iotwatch","#iot"
"@iotwatch","#iot"
"@thingternet","@jkbernd"
"@jkbernd","#iot"
"@thingternet","@betweenmyths"
"@betweenmyths","#tv"
"#tv","@theiot"
"@theiot","#iot"
"@simonbayly","@theiot"
"@theiot","#iot"
"@thingternet","@antoniolopezg"
"@antoniolopezg","#iot"
"@antoniolopezg","#iot"
"@theiot","#iot"
"@natashacarolan","@gnlteam"
"@gnlteam","#iot"
"@iotfeed","#iot"
"@iotfeed","#iot"
"@amcewen","@gnlteam"
"@gnlteam","#eeeep"
"#eeeep","#iot"
"@ladywhitespace","@theiot"
"@theiot","#iot"
"@jar0n","@gnlteam"
"@gnlteam","#eeeep"
"#eeeep","#iot"
"@theiot","#iot"
"@iotwatch","@gnlteam"
"@gnlteam","#eeeep"
"#eeeep","#iot"
"@gnlteam","#eeeep"
"#eeeep","#iot"
"@iotfeed","#iot"
"@iotwatch","#iot"
"#iot","@maurizio_tsb"
"@maurizio_tsb","@graham_hitchen"
"@rfidman","#iot"
"@betweenmyths","#tv"
"#tv","@theiot"
"@theiot","#iot"
"@iotfeed","#iot"
"@iotfeed","#iot"
"@buildingiot","#iot"
"@iotfeed","#iot"
"@theiot","#iot"
"@graham_hitchen","@ictktn"
"@ictktn","#iot"
"#iot","#tsbiot"
"@theiot","#iot"
"@iotfeed","#iot"
"@tumaku_","#iot"
"#iot","@iotworks"
"@robstar","@iotoronto."
"@iotoronto.","#iot"
"@maurizio_tsb","#iot"
"@iotfeed","#iot"
"@theiot","#iot"
"@stavros_it","@buildingiot"
"@buildingiot","#iot"
"@iotfeed","#iot"
"@iotfeed","#iot"
"@theiot","#iot"
"@iotfeed","#iot"
"@laurasutam","@tefdigital"
"@tefdigital","@telefonicaid"
"@telefonicaid","#iot"
"@iotfeed","#iot"
"@iotfeed","#iot"
"@iotfeed","#iot"
"@troypayne","@robconeybeer"
"@robconeybeer","@mattrosoff"
"@mattrosoff","@davemorin"
"@davemorin","@troypayne"
"@troypayne","#iot"
"@jpnorair","#coap"
"#coap","#dash7"
"#dash7","#iot"
"@illieontop43","#iot"
"#iot","#illie"
"@iotfeed","#iot"
"@robconeybeer","@mattrosoff"
"@mattrosoff","@davemorin"
"@davemorin","@troypayne"
"@troypayne","#iot"
"@iotworks","@xbeewireless"
"@xbeewireless","@rww"
"@rww","#iot"
"@iotfeed","#iot"
"@iotworks","#iot"
"@nodejschina","@tefdigital"
"@tefdigital","@telefonicaid"
"@telefonicaid","#iot"
"@mickeymcmanus","#design\n"
"#design\n","#iot"
"@iotfeed","#iot"
"@iotfeed","@barackobama"
"@barackobama","#obam"
"#obam","#iot"
"@theiot","#iot"
"@theiot","#iot"
"@thingcloud","#iot"
"@buildingiot","#iot"
"@theiot","#iot"
"@thingworx","#m2m"
"#m2m","#iot"
"@alfredbatet","@tefdigital"
"@tefdigital","@telefonicaid"
"@telefonicaid","#iot"
"@damarcant","@telefonicaid"
"@telefonicaid","#iot"
"@aliciaanaya","#iot"
"#iot","@telefonicaid"
"@mat_ankers","@telefonicaid"
"@telefonicaid","#iot\u201d"
"@frost_sullivan","@lasandrabrill"
"@lasandrabrill","#iot"
"@stockfjm","@telefonicaid"
"@telefonicaid","#iot"
"@toyboxstudio","@drewb"
"@drewb","@glynpovah"
"@glynpovah","@telefonicaid"
"@telefonicaid","#iot"
"@toyboxstudio","@telefonicaid"
"@telefonicaid","#iot"
"@lasandrabrill","#iot"
"@hugomcpinto","@telefonicaid"
"@telefonicaid","#iot"
"@theiot","#iot"
"@theiot","#iot"
"@nomdebataille","@scharler"
"@scharler","#iot"
"@uleria","@theiot"
"@theiot","#iot"
"@nomdebataille","#theinternetofthings"
"#theinternetofthings","#iot"
"@iotfeed","#iot"
"@makerblock","#makeymakey"
"#makeymakey","#iot"
"@jkbernd","#iot"
"@data4all","@odopod"
"@odopod","#iot"
"@robstar","@will_lam"
"@will_lam","#iot"
"#iot","#toronto"
"@iotfeed","#iot"
"@armembedded","#iot"
"#iot","@fastcompany"
"@armembedded","#iot"
"#iot","@fastcompany"
"@tumeapp","@tefdigital"
"@tefdigital","@telefonicaid"
"@telefonicaid","#iot"
"@adafruit","@makerblock"
"@makerblock","@adafruit"
"@adafruit","#iot"
"@makerblock","@adafruit"
"@adafruit","#iot"
"@ithngscom","#iot"
"#iot","#monitor"
"#monitor","#virtual"
"@mathemagie","@xbeewireless"
"@xbeewireless","#iot"
"#iot","@fastcocreate"
"@fastcocreate","@robvank"
"@iotfeed","#iot"
"@heyellecp","#iot"
"#iot","@fastcocreate"
"@fastcocreate","@robvank"
"@xbeewireless","#iot"
"#iot","@fastcocreate"
"@fastcocreate","@robvank"
"@tefdigital","@telefonicaid"
"@telefonicaid","#iot"
"@alex_gsr","@telefonicaid"
"@telefonicaid","#iot"
"@xbeewireless","@b2community"
"@b2community","#iot"
"@data4all","#iot"
"@fmaldonadof","@telefonicaid"
"@telefonicaid","#iot"
"@aaltofablab","@telefonicaid"
"@telefonicaid","#iot"
"@openp2pdesign","@telefonicaid"
"@telefonicaid","#iot"
"@eltjov","@xylooo"
"@xylooo","@clogish"
"@clogish","@buxx"
"@buxx","@huib_scholtens"
"@huib_scholtens","@marksnippe"
"@xylooo","@clogish"
"@clogish","@buxx"
"@buxx","@huib_scholtens"
"@huib_scholtens","@marksnippe"
"@buxx","@clogish"
"@dirkjanh","@clogish"
"@xylooo","@dirkjanh"
"@dirkjanh","@clogish"
"@dirkjanh","@clogish"
"@altuure","@clogish"
"@clogish","@stuartkhall"
"@jamesnorris","@clogish"
"@majaadriaensen","@clogish"
"@clogish","#swbergen"
"#swbergen","#livelife"
"@salvadorven","@clogish"
"@clogish","@stuartkhall"
"@stuartkhall","@clogish"
"@clogish","@sambirmingham"
"@stuartkhall","@clogish"
"@swgroningen","@clogish"
"@clogish","@stuartkhall"
"@hannahvera_","@clogish"
"@clogish","@mashable"
"@robdymond","@clogish"
"@motorbandit12","@clogish"
"@markoheijnen","@clogish"
"@baardbaard","@clogish"
"@ennaonline","@markv"
"@markv","@clogish"
"@clogish","@averhff"
"@averhff","#swgro"
"@markv","@clogish"
"@clogish","@averhff"
"@averhff","#swgro"
"@d_leech","@clogish"
"@domenicosolazzo","@clogish"
"@vincentleeuwen","@clogish"
"@vincentleeuwen","@clogish"
"@peterjaap","@clogish"
"@clogish","#livelife"
"#livelife","#gottaloveblondes"
"@willem_o","@clogish"
"@willem_o","@clogish"
"@clogish","@g33rtjan"
"@lykle","@clogish"
"@clogish","#watchingamovie"
"@willem_o","@clogish"
"@clogish","#wtnf"
"@xylooo","@clogish"
"@clogish","@dirkjanh"
"@dirkjanh","@clogish"
"@willem_o","@clogish"
"@peterjaap","@dirkjanh"
"@dirkjanh","@clogish"
"@gijsvanbilsen","@jjeekkoo"
"@jjeekkoo","@gijsvanbilsen"
"@gijsvanbilsen","@yoastkadijk"
"@yoastkadijk","@cyrielkortleven"
"@cyrielkortleven","#yesandyourbusiness"
"#yesandyourbusiness","#tip"
"@yoastkadijk","@jjeekkoo"
"@jjeekkoo","@gijsvanbilsen"
"@gijsvanbilsen","@yoastkadijk"
"@yoastkadijk","@cyrielkortleven"
"@cyrielkortleven","#yesandyourbusiness"
"#yesandyourbusiness","#tip"
"@rolfje","@jjeekkoo"
"@jjeekkoo","#notmyproblem"
"@appsterdamrs","@jjeekkoo"
"@jjeekkoo","@appsterdamrs"
"@appsterdamrs","#harbr"
"@tonb","@jjeekkoo"
"@mobileappsjobs","@kaubatak"
"@kaubatak","#blackberry"
"#blackberry","#windows"
"@mobileappsjobs","@kaubatak"
"@edborden","@hirumianajones"
"@edborden","@hirumianajones"
"@taproom307","@hirumianajones"
"@hirumianajones","@taproom307"
"@newyorkpicks","@hirumianajones"
"@edborden","@hirumianajones"
"@edborden","@hirumianajones"
"@hirumianajones","@tamiiiiiiiiiiii"
"@edborden","@tamiiiiiiiiiiii"
"@tamiiiiiiiiiiii","@hirumianajones"
"@edborden","@hirumianajones"
"@tamiiiiiiiiiiii","@christianeckels"
"@christianeckels","@hirumianajones"
"@hirumianajones","@unworn"
"@unworn","@luckypapayas"
"@christianeckels","@hirumianajones"
"@hirumianajones","@tamiiiiiiiiiiii"
"@tamiiiiiiiiiiii","@unworn"
"@unworn","@luckypapayas"
"@rlenz","@hirumianajones"
"@christianeckels","@hirumianajones"
"@christianeckels","@hirumianajones"
"@albertchao","@hirumianajones"
"@tamiiiiiiiiiiii","@unworn"
"@unworn","@hirumianajones"
"@unworn","@hirumianajones"
"@nevanking","@spllr"
"@ratkins","@spllr"
"@pr1001","@spllr"
"@spllr","@appsterdamrs"
"@pr1001","@spllr"
"@spllr","@appsterdamrs"
"@dusker","@spllr"
"@dusker","@spllr"
"@dusker","@spllr"
"@dusker","@spllr"
"@whakkee","@bolot"
"@bolot","@dwiskus"
"@dwiskus","@judykitteh"
"@judykitteh","@spllr"
"@bolot","@whakkee"
"@whakkee","@dwiskus"
"@dwiskus","@judykitteh"
"@judykitteh","@spllr"
"@whakkee","@dwiskus"
"@dwiskus","@judykitteh"
"@judykitteh","@bolot"
"@bolot","@spllr"
"@alskia","@spllr"
"@spllr","@bignerdrancheu"
"@bignerdrancheu","@spllr"
"@bignerdrancheu","@spllr"
"@bartstroeken","@spllr"
"@appsterdamgr","@spllr"
"@appsterdamrs","@spllr"
"@appsterdam","@spllr"
"@kendalldevdiary","@matmanferdini"
"@matmanferdini","@bmf"
"@bmf","@spllr"
"@spllr","@appsterdamrs"
"@appsterdamrs","@matmanferdini"
"@matmanferdini","@bmf"
"@bmf","@spllr"
"@pauldarcey","@matmanferdini"
"@matmanferdini","@bmf"
"@bmf","@spllr"
"@judykitteh","@spllr"
"@spllr","@bmf"
"@judykitteh","@spllr"
"@spllr","@bmf"
"@bmf","@my"
"@judykitteh","@spllr"
"@judykitteh","@spllr"
"@spllr","@martitwit"
"@martitwit","@spllr"
"@spllr","@matmanferdini"
"@matmanferdini","@bmf"
"@bmf","@spllr"
"@nevanking","@matmanferdini"
"@matmanferdini","@bmf"
"@bmf","@spllr"
"@bmf","@matmanferdini"
"@matmanferdini","@bmf"
"@bmf","@spllr"
"@matmanferdini","@bmf"
"@bmf","@spllr"
"@mikecoopers","@spllr"
"@olmageddon","@circa_uva"
"@circa_uva","@bouncespace"
"@bouncespace","@spllr"
"@martitwit","@spllr"
"@samuelgoodwin","@spllr"
"@spllr","@sidelinenoob"
"@sidelinenoob","@samuelgoodwin"
"@samuelgoodwin","@spllr"
"@samuelgoodwin","@spllr"
"@whakkee","@spllr"
"@samuelgoodwin","@spllr"
"@kyleisom","@spllr"
"@kyleisom","@spllr"
"@kyleisom","@spllr"
"@johnpagonis","@spllr"
"@johnpagonis","@spllr"
"@o_trixlidios","@spllr"
"@ljudmilalab","@medialabprado"
"@medialabprado","@mechatronicart"
"@iotmadrid","@medialabprado"
"@medialabprado","@sciencegallery"
"@nicolasmendo","@medialabprado"
"@medialabprado","@mbauwens"
"@mbauwens","@nicolasmendo"
"@nicolasmendo","@p2p_foundation"
"@p2p_foundation","#p2p"
"@cities_mech","@itsmeclaudiadp"
"@itsmeclaudiadp","#ff"
"#ff","@twittboy"
"@twittboy","@rafamerino"
"@rafamerino","@anaaldea"
"@anaaldea","@cities_mech"
"@cities_mech","@iteijon"
"@iteijon","@fabianaco"
"@fabianaco","@medialabprado"
"@medialabprado","@dcuartielles"
"@itsmeclaudiadp","#ff"
"#ff","@twittboy"
"@twittboy","@rafamerino"
"@rafamerino","@anaaldea"
"@anaaldea","@cities_mech"
"@cities_mech","@iteijon"
"@iteijon","@fabianaco"
"@fabianaco","@medialabprado"
"@medialabprado","@dcuartielles"
"@dcuartielles","@cassieclare"
"@intermediae","@medialabprado"
"@medialabprado","#p2p"
"#p2p","@juanmartinprada"
"@blancojosemaria","@jfreire"
"@jfreire","@medialabprado"
"@medialabprado","#p2p"
"#p2p","@juanmartinprada\u201d"
"@txerren","@medialabprado"
"@medialabprado","#p2p"
"#p2p","@juanmartinprada"
"@jfreire","@medialabprado"
"@medialabprado","#p2p"
"#p2p","@juanmartinprada\u201d"
"@monicachaf","#interactivosljubljana."
"#interactivosljubljana.","@ldujmilalab"
"@ldujmilalab","@medialabprado"
"@ljudmilalab","@bikofe"
"@bikofe","@medialabprado"
"@medialabprado","@mechatronicart"
"@multikultivator","@monicachaf"
"@monicachaf","#interctivosljubljana"
"#interctivosljubljana","@medialabprado"
"@medialabprado","@ljudmila"
"@ljudmilalab","@monicachaf"
"@monicachaf","#interctivosljubljana"
"#interctivosljubljana","@medialabprado"
"@medialabprado","@ljudmila"
"@patriciadola","@monicachaf"
"@monicachaf","#interctivosljubljana"
"#interctivosljubljana","@medialabprado"
"@medialabprado","@ljudmila"
"@medialabprado","@monicachaf"
"@monicachaf","#interctivosljubljana"
"#interctivosljubljana","@medialabprado"
"@medialabprado","@ljudmila"
"@monicachaf","#interctivosljubljana"
"#interctivosljubljana","@medialabprado"
"@medialabprado","@ljudmila"
"@acorsin","@medialabprado"
"@___jazzybelle","@nalden"
"@nalden","@night."
"@night.","#picnic12"
"#picnic12","@mensus"
"@nalden","@night."
"@night.","#picnic12"
"@mariettesontag","@janvandeweerd"
"@janvandeweerd","@syntens"
"@syntens","#syntens"
"#syntens","@creatieveimpuls"
"@creatieveimpuls","#picnic12"
"@picnicfestival","#picnic12"
"@brikkithelion","#picnic12"
"@ralfscharnhorst","#radioday"
"#radioday","#dmexco"
"#dmexco","#picnic12"
"#picnic12","#photokina"
"@picnicfestival","@timoreilly47856"
"@timoreilly47856","#picnic12"
"@jtvanderlinde","@glimwormit"
"@glimwormit","#mobilesforgood"
"#mobilesforgood","#picnic12"
"#picnic12","#mh"
"@7strel","@glimwormit"
"@glimwormit","#mobilesforgood"
"#mobilesforgood","#picnic12"
"#picnic12","#mh"
"@picnicfestival","#picnic12"
"@glimwormit","#mobilesforgood"
"#mobilesforgood","#picnic12"
"#picnic12","#mhealth"
"@robertvhoesel","#picnic12"
"#picnic12","#wieowie"
"@moravec","@waag"
"@waag","#picnic12"
"@waag","#picnic12"
"@phillirose","#openssw"
"#openssw","#picnic12."
"#picnic12.","#bringiton"
"@hesselvantuinen","@appsterdamrs"
"@appsterdamrs","#picnic12"
"@appsterdamrs","#picnic12"
"@jjeekkoo","@appsterdamrs"
"@appsterdamrs","#picnic12"
"@lastwebdesigner","@appsterdamrs"
"@appsterdamrs","#picnic12"
"@appsterdamrs","#picnic12"
"@appsterdamgr","@appsterdamrs"
"@appsterdamrs","#picnic12"
"@amsterdam_live","@appsterdamrs"
"@appsterdamrs","#picnic12."
"@picnicfestival","@appsterdamrs"
"@appsterdamrs","#picnic12."
"@g7morris","@appsterdamrs"
"@appsterdamrs","#picnic12."
"@tross6","@appsterdamrs"
"@appsterdamrs","#picnic12."
"@hesselvantuinen","@appsterdamrs"
"@appsterdamrs","#picnic12."
"@appsterdamrs","#picnic12."
"@picnicfestival","#picnic12"
"@kittyleering","@#"
"@#","#picnic12"
"@picnicfestival","#picnic12"
"@picnicfestival","#picnic12"
"@picnicfestival","@martinstevensa1"
"@martinstevensa1","@picnicfestival"
"@picnicfestival","#picnic12"
"@a1techno","@martinstevensa1"
"@martinstevensa1","@picnicfestival"
"@picnicfestival","#picnic12"
"@gchicco","@picnicfestival"
"@picnicfestival","#picnic12"
"@martinstevensa1","@picnicfestival"
"@picnicfestival","#picnic12"
"#picnic12","#3dprinter"
"@picnicfestival","#picnic12"
"@nlcreatief","#picnic12"
"@nlcreatief","@picnicfestival"
"@picnicfestival","#picnic12"
"@syava1","@picnicfestival"
"@picnicfestival","#picnic12"
"@nlcreatief","@juully020"
"@juully020","#picnic12"
"#picnic12","#syntens"
"@syava1","@juully020"
"@juully020","#picnic12"
"#picnic12","#syntens"
"@picnicfestival","@barbnerdy"
"@barbnerdy","#picnic12"
"@picnicfestival","#picnic12"
"@appsterdamgr","@appsterdamrs"
"@appsterdamrs","#picnic12."
"@pauldarcey","@appsterdamrs"
"@appsterdamrs","#picnic12."
"@glimwormit","@appsterdamrs"
"@appsterdamrs","#picnic12."
"@stijnoomes","@appsterdamrs"
"@appsterdamrs","#picnic12."
"@barbnerdy","#picnic12"
"@liftconference","@designworkplan"
"@designworkplan","#picnic12"
"@liftconference","@designworkplan"
"@designworkplan","#picnic12"
"@liftconference","@barbnerdy"
"@barbnerdy","#picnic12"
"@brunisyntens","@juully020"
"@juully020","#picnic12"
"#picnic12","#syntens"
"@dainius","@dwiskus"
"@dwiskus","@unprofesh"
"@unprofesh","@antichrista"
"@antichrista","@gruber"
"@returnedlast","@dwiskus"
"@dwiskus","@gruber"
"@gte","@dwiskus"
"@dwiskus","@gruber"
"@3luker","@dwiskus"
"@antichrista","@dwiskus"
"@dwiskus","@unprofesh"
"@unprofesh","@antichrista"
"@arielmichaeli","@dwiskus"
"@lexfri","@dwiskus"
"@jamesbellthe1st","@chakatodd"
"@chakatodd","@dwiskus"
"@ronanist","@dwiskus"
"@jeffmc","@dwiskus"
"@chakatodd","@dwiskus"
"@dwiskus","@jamesbellthe1st"
"@antichrista","@dwiskus"
"@dwiskus","@lexfri"
"@lexfri","@unprofesh"
"@montyboy","@dwiskus"
"@pbur","@dwiskus"
"@lexfri","@pbur"
"@pbur","@dwiskus"
"@wookiee","@amyjane"
"@amyjane","@dwiskus"
"@wookiee","@dwiskus"
"@pbur","@balexander"
"@balexander","@dwiskus"
"@dwiskus","@lexfri"
"@balexander","@pbur"
"@pbur","@dwiskus"
"@dwiskus","@lexfri"
"@pbur","@dwiskus"
"@dwiskus","@lexfri"
"@siracusa","@dwiskus"
"@dwiskus","@lexfri"
"@pberry_stellar","@dwiskus"
"@pjan_stellar","@dwiskus"
"@stellarandrew","@dwiskus"
"@yo_thanland","@dwiskus"
"@jpasqualetti","@halfliterate"
"@halfliterate","@dwiskus"
"@mdhughes","@dwiskus"
"@iconmaster","@dwiskus"
"@whakkee","@dwiskus"
"@neror","@dwiskus"
"@neror","@dwiskus"
"@tmaes","@dwiskus"
"@neror","@dwiskus"
"@dwiskus","@justin"
"@bump","@dwiskus"
"@amyjane","@dwiskus"
"@halfliterate","@dwiskus"
"@shadalicious","@dwiskus"
"@julia_jj","@dwiskus"
"@dlpasco","@dwiskus"
"@arepty","@dwiskus"
"@arepty","@dwiskus"
"@arepty","@dwiskus"
"@tmaes","@dwiskus"
"@tmaes","@judykitteh"
"@judykitteh","@dwiskus"
"@tmaes","@dwiskus"
"@dwiskus","@judykitteh"
"@_magnusdahl","@dwiskus"
"@judykitteh","@dwiskus"
"@whakkee","@dwiskus"
"@dwiskus","@bolot"
"@bolot","@bmf"
"@mochanya","@dwiskus"
"@rtmfd","@djlemur"
"@djlemur","@dwiskus"
"@rtmfd","@dwiskus"
"@mrrooni","@dwiskus"
"@faitherina","@dwiskus"
"@judykitteh","@dwiskus"
"@arepty","@dwiskus"
"@judykitteh","@dwiskus"
"@halfliterate","@tehnoir"
"@tehnoir","@marcoarment"
"@marcoarment","@dwiskus"
"@judykitteh","@dwiskus"
"@samuelgoodwin","@dwiskus"
"@judykitteh","@dwiskus"
"@dwiskus","@samuelgoodwin"
"@julianlepinski","@dwiskus"
"@julianlepinski","@dwiskus"
"@skabber","@casademora"
"@casademora","@dwiskus"
"@dwiskus","@kylerichter"
"@casademora","@skabber"
"@skabber","@dwiskus"
"@dwiskus","@kylerichter"
"@junbringer","@dwiskus"
"@jmogos","@dwiskus"
"@nztechfreak","@dwiskus"
"@favstar250","@dwiskus"
"@favstar250","@dwiskus"
"@vasilia2012","@dwiskus"
"@tofias","@amyjane"
"@amyjane","@pbones"
"@pbones","@unprofesh"
"@unprofesh","@lexfri\u2019s"
"@lexfri\u2019s","@dwiskus\u2019s"
"@brycebrinkman","@dwiskus"
"@dwiskus","@unprofesh"
"@unprofesh","#funemployment"
"@gregdsouza","@dwiskus"
"@lexfri","@agentkyle"
"@agentkyle","@dwiskus"
"@grandebruno","@dwiskus"
"@drance","@thekarladam"
"@thekarladam","@dwiskus"
"@thekarladam","@dwiskus"
"@unprofesh","@dwiskus"
"@mattgemmell","@dwiskus"
"@tiboll","@dwiskus"
"@pbowden","@irons"
"@irons","@iconmaster"
"@iconmaster","@dwiskus"
"@irons","@iconmaster"
"@iconmaster","@dwiskus"
"@iconmaster","@dwiskus"
"@jackbrewster","@dwiskus"
"@apontious","@dwiskus"
"@mattgemmell","@dwiskus"
"@dwiskus","@drance"
"@whakkee","@dwiskus"
"@whakkee","@dwiskus"
"@spllr","@dwiskus"
"@justin","@dwiskus"
"@whakkee","@dwiskus"
"@dusker","@dwiskus"
"@whakkee","@dwiskus"
"@hiddenwires","@jacobssonnl"
"@jacobssonnl","@kobn"
"@kobn","@smartcom_rafiki"
"@matmanferdini","@pandebus"
"@pandebus","@alainraap"
"@matmanferdini","@alainraap"
"@yakimvanzuijlen","@alainraap"
"@phpstud","@dgapitts"
"@phpstud","@dgapitts"
"@fzwob","#objcgn"
"#objcgn","@bmf"
"@etobi","@maclemon"
"@maclemon","#objcgn"
"#objcgn","@bmf"
"@stuffmc","@krugazor"
"@krugazor","@bmf\u2019s"
"@bmf\u2019s","@ortwingentz"
"@ortwingentz","#objcgn"
"@krugazor","@bmf\u2019s"
"@bmf\u2019s","@ortwingentz"
"@ortwingentz","#objcgn"
"@_dklein","@gonecoding"
"@gonecoding","@bmf"
"@bmf","#objcgn"
"@macguru17","@bmf."
"@bmf.","#objcgn"
"@maclemon","#objcgn"
"#objcgn","@bmf"
"@gonecoding","@bmf"
"@bmf","#objcgn"
"@gonecoding","@etobi"
"@etobi","@bmf"
"@bmf","#objcgn"
"@stuffmc","@bmf"
"@maclemon","#objcgn"
"#objcgn","@bmf"
"@maclemon","#objcgn"
"#objcgn","@bmf"
"@joseph_carney","@maclemon"
"@maclemon","#objcgn"
"#objcgn","@bmf"
"@etobi","@bmf"
"@bmf","#objcgn"
"@stuffmc","@objcgn"
"@objcgn","@bmf\u2019s"
"@maclemon","#objcgn"
"#objcgn","@bmf"
"@maclemon","#objcgn"
"#objcgn","@bmf"
"@stuffmc","@bmf"
"@gonecoding","@bmf"
"@bmf","#objcgn"
"@designerdrug","#objcgn"
"#objcgn","@martinwinter"
"@martinwinter","@judykitteh"
"@judykitteh","@bmf"
"@bmf","@stuffmc"
"@maclemon","@avbelow"
"@avbelow","@bmf."
"@maclemon","#objcgn"
"#objcgn","@bmf"
"@maclemon","@bmf"
"@bmf","#objcgn"
"@daniel_a_a","@judykitteh"
"@judykitteh","@bmf"
"@bmf","@erikpub"
"@erikpub","@sidelinenoob"
"@w3ltraumpirat","@dom"
"@dom","@bmf"
"@tonklon","#objcgn"
"#objcgn","@judykitteh"
"@judykitteh","@bmf"
"@bmf","@martinwinter."
"@meganmccann18","#haha"
"#haha","@bmf"
"@kraackendev","@bmf"
"@bmf","#360idev"
"@frohaug","@bmf"
"@rtfeldman","@bmf"
"@grynspan","@bmf"
"@zelkodvorak","@dom"
"@dom","@bmf"
"@anthonyherron","@bmf"
"@countermind","@dom"
"@dom","@bmf"
"@dssstrkl","@bmf"
"@bmf","@dom"
"@dom","@bmf"
"@owengoss","@weheartgames"
"@weheartgames","@levigroker"
"@levigroker","@bmf"
"@bmf","@dwsjoquist"
"@dom","@bmf"
"@weheartgames","@levigroker"
"@levigroker","@bmf"
"@bmf","@owengoss"
"@owengoss","@dwsjoquist"
"@dssstrkl","@bmf"
"@dssstrkl","@bmf"
"@dssstrkl","@bmf"
"@judykitteh","@daniel_a_a"
"@daniel_a_a","@bmf"
"@bmf","@erikpub"
"@erikpub","@sidelinenoob"
"@levigroker","#360idev"
"#360idev","@bmf"
"@bmf","@owengoss"
"@owengoss","@weheartgames"
"@weheartgames","@dwsjoquist"
"@rtfeldman","@bmf"
"@daniel_a_a","@stuffmc"
"@stuffmc","@martinwinter"
"@martinwinter","@drewmccormack"
"@drewmccormack","@bmf"
"@bmf","@judykitteh"
"@thadmcdowell","@andriajensen"
"@andriajensen","@bmf"
"@bmf","@jwilker"
"@jwilker","#360idev"
"@jwilker","@casademora"
"@casademora","@andriajensen"
"@andriajensen","@bmf."
"@casademora","@jwilker"
"@jwilker","@bmf"
"@bmf","@andriajensen"
"@jwilker","@bmf"
"@bmf","@andriajensen"
"@beaumartinez","@bmf"
"@bmf","@saurabhg"
"@dssstrkl","@bmf"
"@geekanddad","@bmf"
"@dielaughing","@bmf"
"@sm_ives","@bmf"
"@sm_ives","@bmf"
"@bmf","#360idev"
"@brandontreb","@bmf"
"@bmf","#360idev"
"@dazeend","@bmf"
"@curiodept","@bmf"
"@bmf","#360idev"
"@mollierusher","@bmf"
"@bmf","#360idev"
"@dazeend","@bmf"
"@bmf","#360idev"
"@mollierusher","@andriajensen"
"@andriajensen","@bmf"
"@bmf","@jwilker"
"@jwilker","#360idev"
"@tmaes","#360idev"
"#360idev","@bmf"
"@bmf","@objcgn"
"@mollierusher","@andriajensen"
"@andriajensen","@bmf"
"@bmf","#360idev"
"@andriajensen","@bmf"
"@bmf","#360idev"
"@akulbe","@bmf"
"@a_lindquist","@andriajensen"
"@andriajensen","@bmf"
"@bmf","@jwilker"
"@jwilker","#360idev"
"@frohaug","@bmf"
"@andriajensen","@bmf"
"@bmf","@jwilker"
"@jwilker","#360idev"
"@ergoflows","@bmf"
"@jeffporten","@bmf"
"@whitsquared","@bmf"
"@bmf","@wilshipley"
"@stuffmc","@judykitteh"
"@judykitteh","@bmf"
"@bmf","@sidelinenoob"
"@sidelinenoob","@erikpub"
"@stuffmc","@judykitteh"
"@judykitteh","@bmf"
"@bmf","@sidelinenoob"
"@sidelinenoob","@erikpub"
"@stuffmc","@judykitteh"
"@judykitteh","@bmf"
"@bmf","@sidelinenoob"
"@sidelinenoob","@erikpub"
"@erikpub","#objcgn"
"@stuffmc","@judykitteh"
"@judykitteh","@bmf"
"@bmf","@sidelinenoob"
"@sidelinenoob","@erikpub"
"@judykitteh","@stuffmc"
"@stuffmc","@bmf"
"@bmf","@sidelinenoob"
"@sidelinenoob","@erikpub"
"@judykitteh","@stuffmc"
"@stuffmc","@bmf"
"@bmf","@sidelinenoob"
"@sidelinenoob","@erikpub"
"@judykitteh","@objcgn"
"@objcgn","@erikpub"
"@erikpub","@sidelinenoob"
"@sidelinenoob","@bmf"
"@objcgn","@judykitteh"
"@judykitteh","@erikpub"
"@erikpub","@sidelinenoob"
"@sidelinenoob","@bmf"
"@judykitteh","@objcgn"
"@objcgn","@erikpub"
"@erikpub","@sidelinenoob"
"@sidelinenoob","@bmf"
"@1sweetpallday","@bamboo"
"@bamboo","#niggas"
"#niggas","@official_flo"
"@official_flo","@ymcmb"
"@ymcmb","@briscoopalocka"
"@briscoopalocka","@bmf"
"@elgrowzone","@bmf"
"@bmf","@objcgn"
"@brianleroux","@bmf"
"@akosma","@bmf"
"@falconcreek","@wookiee"
"@wookiee","@bmf"
"@bmf","#siciliankiss"
"@wookiee","@bmf"
"@trendingmobys","@bmf"
"@robelkin","@stuffmc"
"@stuffmc","@judykitteh"
"@judykitteh","@bmf"
"@stuffmc","@judykitteh"
"@judykitteh","@robelkin"
"@robelkin","@bmf"
"@stuffmc","@bmf"
"@bmf","@boredzo"
"@boredzo","@judykitteh"
"@judykitteh","@objcgn"
"@sidelinenoob","@judykitteh"
"@judykitteh","@whakkee"
"@whakkee","@bmf"
"@whakkee","@bmf"
"@bmf","@judykitteh"
"@judykitteh","@bmf"
"@_z1g","@bmf"
"@macguitar","@bmf"
"@boredzo","@bmf"
"@bmf","@judykitteh"
"@krazyfrog","@bmf"
"@judykitteh","@robelkin"
"@robelkin","@bmf"
"@mytotemtweets","@7scenes"
"@7scenes","#mobilelearningacademy"
"#mobilelearningacademy","#mlearning"
"#mlearning","#edtech"
"@greggvm","@jcastros"
"@jcastros","@7scenes"
"@7scenes","@findemily"
"@picnicfestival","@7scenes"
"@7scenes","@picnicfestival"
"@microeditionbiz","@appsterdamrs"
"@lastwebdesigner","#nl"
"#nl","@appsterdamrs"
"@amsterdam_live","@freeamsterdam"
"@freeamsterdam","@appsterdamrs"
"@insideabox","@mattjcamp"
"@mattjcamp","@cocoageek"
"@cocoageek","@appsterdamrs"
"@iamsterdam","@freeamsterdam"
"@freeamsterdam","@appsterdamrs"
"@freeamsterdam","@appsterdamrs"
"@jjeekkoo","@appsterdamrs"
"@appsterdamrs","#harbr"
"@alskia","@johnpagonis"
"@johnpagonis","@rackspaceuk"
"@rackspaceuk","@appsterdamrs"
"@appsterdamrs","@jonathanrcarter"
"@jonathanrcarter","@appsterdamrs"
"@appsterdamrs","@glimwormit"
"@jonathanrcarter","@appsterdamrs"
"@appsterdamrs","@glimwormit"
"@appsterdamrs","@jonathanrcarter"
"@jonathanrcarter","@appsterdamrs"
"@appsterdamrs","@glimwormit"
"@jonathanrcarter","@appsterdamrs"
"@appsterdamrs","@glimwormit"
"@hansv","@coreyhaines"
"@coreyhaines","@appsterdamrs"
"@ryanghall","@appsterdamrs"
"@appsterdamrs","@martitwit"
"@pauldarcey","@appsterdamrs"
"@cspr72","@appsterdamrs"
"@ez_amsterdam","@appsterdamrs"
"@appsterdamgr","@appsterdamrs"
"@ryanghall","@appsterdamrs"
"@appsterdamrs","#ibcshow"
"@andrei_florian","@appsterdamrs"
"@doclouisjones","@appsterdamrs"
"@appsterdamrs","@sla_shalafi"
"@sla_shalafi","@appsterdamrs"
"@sla_shalafi","@appsterdamrs"
"@appsterdamgr","@appsterdamrs"
"@appsterdamrs","#appsterdam"
"#appsterdam","#picnic12"
"@stijnoomes","@appsterdamrs"
"@appsterdamrs","#appsterdam"
"#appsterdam","#picnic12"
"@michelelings","@appsterdamrs"
"@tehn00b","@appsterdamrs"
"@appsterdamrs","@#"
"@#","#picnic12"
"#picnic12","@appsterdam.rs"
"@appsterdamgr","@appsterdamrs"
"@appsterdamrs","@#"
"@#","#picnic12"
"#picnic12","@appsterdam.rs"
"@m_blekemolen","@appsterdamrs"
"@appsterdamrs","@#"
"@#","#picnic12"
"#picnic12","@appsterdam.rs"
"@faresf","@appsterdamrs"
"@appsterdamrs","@#"
"@#","#picnic12"
"#picnic12","@appsterdam.rs"
"@appsterdamgr","@johnpagonis"
"@johnpagonis","@rackspaceuk"
"@rackspaceuk","@appsterdamrs"
"@appsterdamrs","@johnpagonis"
"@johnpagonis","@rackspaceuk"
"@rackspaceuk","@appsterdamrs"
"@spllr","@johnpagonis"
"@johnpagonis","@rackspaceuk"
"@rackspaceuk","@appsterdamrs"
"@johnpagonis","@rackspaceuk"
"@rackspaceuk","@appsterdamrs"
"@g7morris","@appsterdamrs"
"@appsterdamrs","#appsterdam"
"#appsterdam","#picnic12"
"@aabella","@arjanvanwell"
"@arjanvanwell","@appsterdamrs"
"@appsterdamrs","#opendata"
"@arjanvanwell","@appsterdamrs"
"@appsterdamrs","#opendata"
"#opendata","@waag"
"@waag","#dutchdesign"
"@rolinka","@appsterdamrs"
"@appsterdamrs","#picnic12"
"@vijaykiran","@appsterdamrs"
"@appsterdamrs","@#"
"@#","#picnic12"
"#picnic12","@a"
"@juully020","@appsterdamrs"
"@appsterdamrs","@#"
"@#","#picnic12"
"#picnic12","@a"
"@tross6","@appsterdamrs"
"@appsterdamrs","@#"
"@#","#picnic12"
"#picnic12","@a"
"@andreasne","@appsterdamrs"
"@appsterdamrs","@#"
"@#","#picnic12"
"#picnic12","@a"
"@anti_rnd","@appsterdamrs"
"@appsterdamrs","@#"
"@#","#picnic12"
"#picnic12","@a"
"@elimak","@appsterdamrs"
"@appsterdamrs","#opendata"
"#opendata","@waag"
"@cspr72","@appsterdamrs"
"@appsterdamrs","#opendata"
"#opendata","@waag"
"@webregisseur","@appsterdamrs"
"@appsterdamrs","#opendata"
"#opendata","@waag"
"@vissertom","@apprilnl"
"@apprilnl","#appril"
"#appril","@vissertom"
"@vissertom","@appsterdamrs"
"@appsterdamrs","@gwmitchelnl"
"@apprilnl","#appril"
"#appril","@vissertom"
"@vissertom","@appsterdamrs"
"@appsterdamrs","@gwmitchelnl"
"@nferraz","@appsterdamrs"
"@appsterdamrs","@amancalledmark"
"@tross6","@appsterdamrs"
"@appsterdamrs","#picnic12."
"@tross6","@appsterdamrs"
"@appsterdamrs","@our"
"@our","@picnicfestival"
"@picnicfestival","#picnic12"
"@appsterdamgr","@appsterdamrs"
"@appsterdamrs","@our"
"@our","@picnicfestival"
"@picnicfestival","#picnic12"
"@marleenstikker","@appsterdamrs"
"@appsterdamrs","#picnic12\u201d"
"@judykitteh","@appsterdamrs"
"@appsterdamrs","#picnic12"
"@justbefreeman","@appsterdamrs"
"@appsterdamrs","#picnic12"
"@tuparev","@appsterdamrs"
"@bolot","@appsterdamrs"
"@appsterdamrs","@our"
"@our","@picnicfestival"
"@picnicfestival","#picnic12"
"@pauldarcey","@appsterdamrs"
"@appsterdamrs","@amancalledmark"
"@pauldarcey","@appsterdamrs"
"@appsterdamrs","@our"
"@our","@picnicfestival"
"@picnicfestival","#picnic12"
"@corestudiosnet","@greekrubymeetup"
"@spllr","@greekrubymeetup"
"@johnpagonis","@greekrubymeetup"
"@picnicfestival","@marleenstikker"
"@marleenstikker","@andymayer"
"@andymayer","@kittyleering"
"@basvanabel","@marleenstikker"
"@marleenstikker","@andymayer"
"@andymayer","@kittyleering"
"@macekster","#fmt"
"#fmt","@marleenstikker"
"@marleenstikker","@waag"
"@socialsafari","@marleenstikker"
"@marleenstikker","@timoreilly"
"@spllr","@ratkins"
"@hillsonghoods","@ratkins"
"@spllr","@ratkins"
"@casey_j","@ratkins"
"@ratkins","@casey_j"
"@hillsonghoods","@ratkins"
"@hillsonghoods","@ratkins"
"@ratkins","@benjacksg"
"@benjacksg","@ratkins"
"@petstarr","@ratkins"
"@ratkins","@hillsonghoods"
"@benjacksg","@ratkins"
"@andrewderidder","@ratkins"
"@davidmtaylor","@ratkins"
"@davidmtaylor","@ratkins"
"@davidmtaylor","@ratkins"
"@casey_j","@ratkins"
"@whakkee","@ratkins"
"@elainehays","@ratkins"
"@wilfredphua","@ratkins"
"@judykitteh","@ratkins"
"@elainehays","@ratkins"
"@nivelneo","@ratkins"
"@sharperstill","@ratkins"
"@nicholas_james","@ratkins"
"@sharperstill","@ratkins"
"@woosheryl","@ratkins"
"@woosheryl","@ratkins"
"@ratkins","@woosheryl"
"@nicholas_james","@ratkins"
"@sharperstill","@ratkins"
"@sharperstill","@ratkins"
"@woosheryl","@charly_red"
"@charly_red","@ratkins"
"@woosheryl","@ratkins"
"@ratkins","@charly_red"
"@whakkee","@bolot"
"@bolot","@ratkins"
"@ratkins","@judykitteh"
"@bolot","@whakkee"
"@whakkee","@ratkins"
"@ratkins","@judykitteh"
"@whakkee","@ratkins"
"@ratkins","@judykitteh"
"@pauldarcey","@judykitteh"
"@judykitteh","@ratkins"
"@sharperstill","@ratkins"
"@techincognita","@ratkins"
"@amx109","@ratkins"
"@ledsuit","@ratkins"
"@ledsuit","@ratkins"
"@ledsuit","@ratkins"
"@pryorlisa","@ratkins"
"@graups","@ratkins"
"@regal_eagle","@ratkins"
"@samuelgoodwin","@ratkins"
"@depl0y","@ratkins"
"@depl0y","@ratkins"
"@hernanp","@ratkins"
"@ratkins","@judykitteh"
"@judykitteh","@whitsquared"
"@nevanking","@ratkins"
"@depl0y","@ratkins"
"@johananderberg","@ratkins"
"@whakkee","@ratkins"
"@benjacksg","@ratkins"
"@woosheryl","@ratkins"
"@ratkins","@andrewderidder"
"@andrewderidder","@ratkins"
"@woosheryl","@ratkins"
"@whitsquared","@judykitteh"
"@judykitteh","@ratkins"
"@ratkins","@hernanp"
"@judykitteh","@ratkins"
"@ratkins","@whitsquared"
"@whitsquared","@hernanp"
"@tradeethically","@efrontlearning"
"@efrontlearning","#learning"
"#learning","@rgogos"
"@rgogos","@tsigos"
"@tsigos","#learning"
"@efrontlearning","#learning"
"#learning","@rgogos"
"@rgogos","@tsigos"
"@tsigos","#learning"
"@tsigos","#hoax"
"#hoax","@tsigos"
"@tsigos","@pinterest"
"@p_l_1","@tsigos"
"@tsigos","@pinterest"
"@forestavros","@tsigos"
"@tsigos","@pinterest"
"@antozaf","@tsigos"
"@tsigos","#bobolas"
"#bobolas","#megamou"
"#megamou","#mizokommata"
"#mizokommata","#skouries"
"#skouries","#greece"
"#greece","#grpolitics"
"#grpolitics","#m"
"@lolasc","@tsigos"
"@tsigos","@billdanos"
"@billdanos","@j_panaretos"
"@dikeakosp","@tsigos"
"@tsigos","@pierrelouys"
"@pierrelouys","@kanekos69"
"@kanekos69","#freedom_of_speech"
"#freedom_of_speech","#freekanekos69"
"#freekanekos69","@tw"
"@panosmi4","@tsigos"
"@papagel","@tsigos"
"@tsigos","@mihalop"
"@mihalop","@moschous"
"@moschous","@kripotos"
"@gofoboso","@tsigos"
"@tsigos","@twitter"
"@twitter","#greek"
"#greek","@kanekos69"
"@kanekos69","#..."
"@voldtony","@tsigos"
"@tsigos","@twitter"
"@twitter","#greek"
"#greek","@kanekos69"
"@kanekos69","#..."
"@rabiesan","@evitsape"
"@evitsape","##"
"##","#ff"
"#ff","@rabiesan"
"@rabiesan","@cpappas"
"@cpappas","@c4lpt"
"@c4lpt","@joanbarm"
"@joanbarm","@educaleon"
"@educaleon","@efrontlearning"
"@efrontlearning","@papagel"
"@papagel","@tsigos"
"@tsigos","@rgogos"
"@hannitron","@tsigos"
"@tsigos","@twitter"
"@twitter","#greek"
"#greek","@kanekos69"
"@kanekos69","#..."
"@t_p12","@tsigos"
"@tsigos","@twitter"
"@twitter","#greek"
"#greek","@kanekos69"
"@kanekos69","#..."
"@psipsipsoni","@tsigos"
"@tsigos","@twitter"
"@twitter","#greek"
"#greek","@kanekos69"
"@kanekos69","#..."
"@isabellepaitryl","@tsigos"
"@tsigos","@twitter"
"@twitter","#greek"
"#greek","@kanekos69"
"@kanekos69","#..."
"@grmafalda","@tsigos"
"@tsigos","@twitter"
"@twitter","#greek"
"#greek","@kanekos69"
"@kanekos69","#..."
"@socialfailgr","@tsigos"
"@tsigos","@twitter"
"@twitter","#greek"
"#greek","@kanekos69"
"@kanekos69","#..."
"@neoterismoitaki","@tsigos"
"@tsigos","@twitter"
"@twitter","#greek"
"#greek","@kanekos69"
"@kanekos69","#..."
"@shatokomiyaki","@tsigos"
"@tsigos","@pierrelouys"
"@pierrelouys","@kanekos69"
"@kanekos69","#freedom_of_speech"
"#freedom_of_speech","#freekanekos69"
"#freekanekos69","@tw"
"@el_huron","@tsigos"
"@tsigos","@twitter"
"@twitter","#greek"
"#greek","@kanekos69"
"@kanekos69","#..."
"@borausuniversal","@tsigos"
"@tsigos","@pierrelouys"
"@pierrelouys","@kanekos69"
"@kanekos69","#freedom_of_speech"
"#freedom_of_speech","#freekanekos69"
"#freekanekos69","@tw"
"@johnnists","@tsigos"
"@tsigos","@pierrelouys"
"@pierrelouys","@kanekos69"
"@kanekos69","#freedom_of_speech"
"#freedom_of_speech","#freekanekos69"
"#freekanekos69","@tw"
"@dimitra04","@tsigos"
"@tsigos","@pierrelouys"
"@pierrelouys","@kanekos69"
"@kanekos69","#freedom_of_speech"
"#freedom_of_speech","#freekanekos69"
"#freekanekos69","@tw"
"@karrasmd","@tsigos"
"@tsigos","@twitter"
"@twitter","#greek"
"#greek","@kanekos69"
"@kanekos69","#..."
"@stsantek","@tsigos"
"@tsigos","@twitter"
"@twitter","#greek"
"#greek","@kanekos69"
"@kanekos69","#..."
"@voulapetrou","@tsigos"
"@tsigos","@twitter"
"@twitter","#greek"
"#greek","@kanekos69"
"@kanekos69","#..."
"@kaosleo","@tsigos"
"@tsigos","@twitter"
"@twitter","#greek"
"#greek","@kanekos69"
"@kanekos69","#..."
"@kharishatush","@tsigos"
"@tsigos","@twitter"
"@twitter","#nazi"
"@leftosa","@tsigos"
"@tsigos","@twitter"
"@twitter","#greek"
"#greek","@kanekos69"
"@kanekos69","#..."
"@asteris","@tsigos"
"@tsigos","@twitter"
"@twitter","#greek"
"#greek","@kanekos69"
"@kanekos69","#..."
"@rgogos","@evitsape"
"@evitsape","##"
"##","#ff"
"#ff","@rabiesan"
"@rabiesan","@cpappas"
"@cpappas","@c4lpt"
"@c4lpt","@joanbarm"
"@joanbarm","@educaleon"
"@educaleon","@efrontlearning"
"@efrontlearning","@papagel"
"@papagel","@tsigos"
"@tsigos","@rgogos"
"@cpappas","@evitsape"
"@evitsape","##"
"##","#ff"
"#ff","@rabiesan"
"@rabiesan","@cpappas"
"@cpappas","@c4lpt"
"@c4lpt","@joanbarm"
"@joanbarm","@educaleon"
"@educaleon","@efrontlearning"
"@efrontlearning","@papagel"
"@papagel","@tsigos"
"@tsigos","@rgogos"
"@ofysikos","@hekimoglou"
"@hekimoglou","@csfiatkos"
"@csfiatkos","@tsigos"
"@peterlazos","@tsigos"
"@tsigos","@linkedin"
"@evantouli","@tsigos"
"@peterlazos","@tsigos"
"@tsigos","@linkedin"
"@gmpapadopoulos","@tsigos"
"@tsigos","@linkedin"
"@evitsape","##"
"##","#ff"
"#ff","@rabiesan"
"@rabiesan","@cpappas"
"@cpappas","@c4lpt"
"@c4lpt","@joanbarm"
"@joanbarm","@educaleon"
"@educaleon","@efrontlearning"
"@efrontlearning","@papagel"
"@papagel","@tsigos"
"@tsigos","@rgogos"
"@rgogos","@foyska"
"@efrontlearning","#ff"
"#ff","@rabiesan"
"@rabiesan","@cpappas"
"@cpappas","@c4lpt"
"@c4lpt","@joanbarm"
"@joanbarm","@educaleon"
"@educaleon","@papagel"
"@papagel","@tsigos"
"@tsigos","@evitsape"
"@evitsape","@rgogos"
"@dcharami","@tsigos"
"@tsigos","@gnostix"
"@gnostix","@rebel_alx"
"@rebel_alx","@entrecosystem"
"@dcharami","@tsigos"
"@tsigos","@gnostix"
"@gnostix","@rebel_alx"
"@rebel_alx","@entrecosystem"
"@entrecosystem","#athens"
"#athens","#gnostix"
"#gnostix","#vtrip"
"@gnostix","@tsigos"
"@tsigos","@gnostix"
"@gnostix","@rebel_alx"
"@rebel_alx","@entrecosystem"
"@entrecosystem","#athens"
"#athens","#gnostix"
"#gnostix","#vtrip"
"@gnostix","@tsigos"
"@tsigos","@gnostix"
"@gnostix","@rebel_alx"
"@rebel_alx","#vtrip"
"@gnostix","@tsigos"
"@tsigos","@rebel_alx"
"@rebel_alx","@gnostix"
"@gnostix","#entrepreneurialecosystem"
"#entrepreneurialecosystem","#vtrip"
"#vtrip","#hellenicstartups"
"@tsigos","@ecbusinesscoach"
"@ecbusinesscoach","@tsigos"
"@hellenicstartup","@appsterdamgr"
"@appsterdamgr","@tsigos"
"@tsigos","@hesselvantuinen"
"@hesselvantuinen","@bmf"
"@tsigos","@hesselvantuinen"
"@hesselvantuinen","@appsterdamgr"
"@appsterdamgr","@bmf"
"@bmf","@tsigos"
"@tsigos","@yes_ecye"
"@hesselvantuinen","@appsterdamgr"
"@appsterdamgr","@bmf"
"@bmf","@tsigos"
"@tsigos","@yes_ecye"
"@appsterdamgr","@hesselvantuinen"
"@hesselvantuinen","@bmf"
"@bmf","@tsigos"
"@hesselvantuinen","@bmf"
"@bmf","@appsterdamgr"
"@appsterdamgr","@tsigos"
"@tsigos","#apps"
"#apps","#entrepreneurship"
"#entrepreneurship","#europe"
"@tsigos","@mihalop"
"@mihalop","@tsigos"
"@tsigos","@mommy"
"@mihalop","@tsigos"
"@tsigos","@mommy"
"@s_pitoglou","@tsigos"
"@alitampourakis","@tsigos"
"@interactyx","@saseducatoruk"
"@saseducatoruk","@gimst"
"@gimst","@studentforce"
"@studentforce","@el_madu"
"@el_madu","@panoskalantzis"
"@panoskalantzis","@tsigos"
"@tsigos","@moosh_be"
"@moosh_be","@mariekenerson"
"@mariekenerson","@uwmltc"
"@brianmoran","@nyew"
"@nyew","#london"
"#london","@alexdmitchell"
"@alexdmitchell","@tsigos"
"@tsigos","@daren140"
"@daren140","@kernelmag"
"@nyew","#london"
"#london","@alexdmitchell"
"@alexdmitchell","@tsigos"
"@tsigos","@daren140"
"@daren140","@kernelmag"
"@rgogos","@tsigos"
"@tsigos","#elearning"
"#elearning","#top100lms"
"#top100lms","#learning"
"#learning","#tech"
"#tech","@efrontlearnin"
"@jessiecalovesu","#mad"
"@j_kuhu","#pissed"
"#pissed","#livid"
"#livid","#heated"
"#heated","#mad"
"#mad","#unfreakinhappy"
"@je_11_iy","#wordsisaywhenimmad"
"#wordsisaywhenimmad","#mad"
"@cheekylois","@steff_a24"
"@steff_a24","#mad"
"@dj_double_m_hki","@turunklubi"
"@turunklubi","#trap"
"#trap","#mad"
"#mad","#rave"
"@samanthajayde1","#sotiredddd"
"#sotiredddd","#frustrated"
"#frustrated","#mad"
"@jdc1192","#mad"
"#mad","#madaluff"
"@adnanbeckz","@ligabbva_eng"
"@ligabbva_eng","#mad"
"@_loved_bymany","#mad"
"@polizeiyt","#mad"
"#mad","#fitness"
"@jennihsurf","#mad"
"#mad","#madmy"
"#madmy","#makeadifference"
"@imainaz","@ligabbva_eng"
"@ligabbva_eng","#mad"
"@ligabbva_eng","#mad"
"@allanmilne33","@catriona_cook"
"@catriona_cook","#mad"
"@tooluviaane","#mad"
"@catriona_cook","#mad"
"@franhemsley","@emkeee"
"@emkeee","#mad"
"@neverbad77","#mad"
"#mad","#wow"
"@emkeee","#mad"
"@randmuhsen","@suzannemahfouz"
"@suzannemahfouz","#mad"
"@watsurpoynt","#mad"
"#mad","#excited"
"@alex__au","#mad"
"#mad","#australia"
"@lavishlyspoiled","#mad"
"@chrisboon2","#mad"
"@benjaminpoyser_","@ofssd"
"@ofssd","#mad"
"#mad","#hail"
"#hail","#scary"
"#scary","#endoftheworld"
"#endoftheworld","#rainow"
"@sabihabh","#mad"
"@saanz_mood","#mad"
"@rafaelitauwtmus","#mad"
"@hyz_drknsexy","#mad/skared"
"@jenbecksz","#modellife"
"#modellife","#mad"
"#mad","#5am"
"@amybragg2","#celebrate"
"#celebrate","#duvetday"
"#duvetday","#chocolate"
"#chocolate","#disney"
"#disney","#brotherbear"
"#brotherbear","#racingstripes"
"#racingstripes","#drseuss"
"#drseuss","#hsm"
"#hsm","#mad"
"@ofssd","#mad"
"#mad","#hail"
"#hail","#scary"
"#scary","#endoftheworld"
"#endoftheworld","#rainow"
"@rachellutonn","@evie_golding"
"@evie_golding","@rachellutonn"
"@rachellutonn","#beth"
"#beth","#drums"
"#drums","#banging"
"#banging","#mad"
"#mad","#whoreallycares"
"@taggie03","#mad"
"@austenspotts","#sosleepy"
"#sosleepy","#cantsleep"
"#cantsleep","#mad"
"@amkam11","#mad"
"#mad","@ed_irenji"
"@madmsiandriver","@jennihsurf"
"@jennihsurf","#mad"
"#mad","#madmy"
"#madmy","#makeadifference"
"#makeadifference","@http"
"@twenesi","@simplytomaske"
"@simplytomaske","@brewbistrokenya"
"@brewbistrokenya","#mad"
"@droxsfbby","#mad"
"@brewbistrokenya","@simplytomaske"
"@simplytomaske","@brewbistrokenya"
"@brewbistrokenya","#mad"
"@bethsheehan95","@jesscausbyy"
"@jesscausbyy","@bethsheehan95"
"@bethsheehan95","#mad"
"#mad","#worthit"
"@martinpmcevoy","@matthewcpinsent"
"@matthewcpinsent","#mad"
"@konichiwa_bih","#mad"
"@adh_182","#mad"
"#mad","@g_eazy"
"@g_eazy","#np"
"@mzjulinda","#oomf."
"#oomf.","#mad/sad"
"@yardhype","#musshot"
"#musshot","@libranmadatdem"
"@libranmadatdem","#mad"
"#mad","@dem"
"@iiburncoii","@kerny_"
"@kerny_","@benspeers"
"@benspeers","@zapsmyth"
"@zapsmyth","#mad"
"@itsmoii_xd","@beyoutifuldee"
"@beyoutifuldee","#sad"
"#sad","#mad"
"#mad","#hurt.\u201d"
"#hurt.\u201d","#sadtweet"
"@beyoutifuldee","#sad"
"#sad","#mad"
"#mad","#hurt"
"@elliej92","#mad"
"@neishalocke","#mad"
"@lanibieqqqqqqqq","#mad"
"@jazzykavanagh25","@dmodeejay"
"@dmodeejay","#mad"
"#mad","#priceless"
"#priceless","#nobites"
"@juliencassidy","#favorite"
"#favorite","#animal"
"#animal","#sidekick"
"#sidekick","#chesirecat"
"#chesirecat","#aliceinwonderland."
"#aliceinwonderland.","#mad"
"#mad","@wonderland"
"@nata_gmz","#mad"
"@sexxiiboobs","#mad"
"@jamesnicholas14","#mad"
"#mad","#getwellsoon"
"@linzijhughes","#mad"
"@kriscuk","#mad"
"@dmodeejay","#mad"
"#mad","#priceless"
"#priceless","#nobites"
"@elliebentley27","#mad"
"@itsbieberschain","#mad"
"@s_hanks","#mad"
"@alisatoyama","@joshgroban"
"@joshgroban","#flabbergasted"
"#flabbergasted","#sad"
"#sad","#mad"
"@tobi_ncb","@_missy_vee_"
"@_missy_vee_","#mad"
"#mad","#tnffashionshow"
"@missmills97","#mad"
"#mad","#makeadifference"
"@_missy_vee_","#mad"
"#mad","#tnffashionshow"
"@hannahbues","#mad"
"@ela_mazon","#sad"
"#sad","#mad"
"#mad","#diprest"
"#diprest","#devastated"
"@ella_hh","#mad"
"@_lenaduchannes","#mad"
"#mad","@brendonboydurie"
"@rashmeenk","@madeleinerose8"
"@madeleinerose8","#seriously"
"#seriously","#mad"
"#mad","#iambroke"
"@moni_jewel","#thats"
"#thats","#why"
"#why","#you"
"#you","#mad"
"@broghanwattttts","#mad"
"@myrajblack","#cancer\nstay"
"#cancer\nstay","#angry"
"#angry","#sad"
"#sad","#mad"
"@timiniesta","#mad"
"@nashmcd","#pissedoff"
"#pissedoff","#mad"
"#mad","#smackabitch"
"@young_jowiebdg","#mad"
"@jesscausbyy","@bethsheehan95"
"@bethsheehan95","#mad"
"#mad","#worthit"
"@laurenwalkerrr","#mad"
"@okunsfathy","#mad"
"@gracefosterx","#mad"
"@kelseyjadeclark","#mad"
"@gearsxscalpels","#mad"
"@ashmolls","@riannemollart"
"@riannemollart","@ashmolls"
"@ashmolls","#notjealous"
"#notjealous","#hateyou"
"#hateyou","#prick\u201d"
"#prick\u201d","@bensmith0203\xa0"
"@bensmith0203\xa0","#jelly"
"#jelly","#mad"
"#mad","#jellymad"
"@drewrpatrick","#disappointed"
"#disappointed","#mad"
"#mad","#pissed"
"#pissed","#textgram"
"@sgt_11","#mad"
"@chancerynguyen","@two_tilla"
"@two_tilla","#mad"
"#mad","#obama\u201dyour"
"@ec_776","#emmawatsonlove"
"#emmawatsonlove","#smh"
"#smh","#peoplehavenolifes"
"#peoplehavenolifes","#mad"
"@cheezy_21","#justsaying"
"#justsaying","#ihateit"
"#ihateit","#mad"
"#mad","#whyme"
"@ellieeeeeeannnn","#mad"
"@sum_lika_boss","#flipping"
"#flipping","#uncomfortable"
"#uncomfortable","#hot"
"#hot","#upset"
"#upset","#mad"
"@thedawnriders","#mad"
"@ambitiouslexi","@tadaysecure"
"@tadaysecure","#mad"
"@duttynut","#mad"
"@_valeriegilia","#mad"
"@sheso_confused","#mad"
"@leslygiaa","#yayy"
"#yayy","#great"
"#great","#mad"
"#mad","#stupid"
"@leslygiaa","#tired"
"#tired","#mad"
"@mo_walk","@edurlin34"
"@edurlin34","#hurt"
"#hurt","#mad"
"#mad","#concerned"
"@pauldarcey","@sla_shalafi"
"@ashalynd","@sla_shalafi"
"@ashalynd","@sla_shalafi"
"@luisollero","@sla_shalafi"
"@ashalynd","@sla_shalafi"
"@britishkendama","@sla_shalafi"
"@sla_shalafi","#kendama"
"#kendama","@lukeburrage"
"@snunsan","@sla_shalafi"
"@matmanferdini","@sla_shalafi"
"@matmanferdini","@sla_shalafi"
"@snunsan","@sla_shalafi"
"@matmanferdini","@sla_shalafi"
"@saghul","@matmanferdini"
"@matmanferdini","@sla_shalafi"
"@whakkee","@matmanferdini"
"@matmanferdini","@sla_shalafi"
"@matmanferdini","@sla_shalafi"