"@RU4UofLComputerPicks:http://tco/BjTBRKJuSat,13Oct201213:19:47+0000"
"@Welovesex2012RT@AMACK2280:Wifeasnaughtysecretary7

10#RTsgetsthenextpic

@realwomenpics@ChicksOnPhones@SexyTwitPics@hot_girl_picshttp://tco/QlsTXZolSat,13Oct201213:19:26+0000"
"@skoopNice!The@pro_talkshirtisin!http://tco/ExkmgFqSSat,13Oct201213:19:15+0000"
"@CarlHansen1@AliciaSecret@MrSecrets@rw2lite@AliSecretsFansAmakeuppicforThursdaysinceIwasntherehttp://tco/lNHmBuR2SoooobeautifulSat,13Oct201213:19:10+0000"
"@iambhughestvRT@FyneGirlModels:FallphotoshootBUNDLEspecialDetroitmodelsoutoftownmodelsinvitedreadflyer@iambhughestv@thedollfacer-http://tco/csY4yxqRSat,13Oct201213:19:07+0000"
"@audioguruShowingsupportfor@StaceyHeneveldasshesrockintheNASCARsceneinCharlotte,NC#ToyotaWomen@ToyotaRacinghttp://tco/S4AxoSmfSat,13Oct201213:18:44+0000"
"@codexleprosoGeneralsurgery-http://tco/P2XvEytvSat,13Oct201213:18:27+0000"
"@DjInfernoLV2,000peopletryingtomaketheirflightthismorningwaitinginthisline,Only2scannersopen?!#FT3#WelcomeToHellhttp://tco/riC1XpNASat,13Oct201213:17:56+0000"
"@slbruer@jaybruerGreatplacetorunhttp://tco/FpowwNMgSat,13Oct201213:16:53+0000"
"@wtf4764RT@MrSiren:anothersluttypicofmywifefromyesterdayspublicfun-http://tco/sA5jTyouSat,13Oct201213:16:43+0000"
"@Ecto1FanRT@AaronGoodwin:ThesunsetintimesquareSocoolhttp://tco/Usxks6m5Sat,13Oct201213:16:35+0000"
"@HurtlepussThereisanewcatintheneighbourhoodTheHurtlepussdoesnotapproveSheschasedofftwiceNowkeepingwatchhttp://tco/a8M372HQSat,13Oct201213:15:39+0000"
"@OberonBoneRT@Amelia_TS:firstitgoesuphercutewetpussy!http://tco/PChLU38VSat,13Oct201213:15:36+0000"
"@AliRussellSmithMyonlylastingrelationship!GoHogs!#wpshttp://tco/UnhYewRzSat,13Oct201213:15:35+0000"
"@CarlHansen1@AliciaSecret@rw2lite@MrSecrets@AliSecretsFansPicforSaturdayhttp://tco/RrH5z489LoveherSat,13Oct201213:15:32+0000"
"@codexleprosoDeathmetalfest-http://tco/ywLxnbZjSat,13Oct201213:15:29+0000"
"@Amelia_TS@parsifallo64straightuphertightass!;http://tco/rvWcRHZVSat,13Oct201213:15:27+0000"
"@7msuRT@vickyvette:http://tco/5wSt3ahA&lt;~@NikkiBenz@PumaSwede&lt;~howtopartylikeapornstar~retweetifyoulikeit!Sat,13Oct201213:15:18+0000"
"@JabinglaTheyareshootingscenesfromthenewtransformersmovieoutside!EitherthatorImboredputtingoffworkagainhttp://tco/0GgT05oUSat,13Oct201213:14:42+0000"
"@codexleprosoDeathMetalfest-http://tco/2v377tlcSat,13Oct201213:14:39+0000"
"@ElapsuElYOURUN&amp;TELLTHEMHELLSCOMINGWITHME,YOUHEAR!?!YOUTELLEMHELLSCOMING!!!http://tco/xspe2fNShttp://tco/0PT6dzKHSat,13Oct201213:14:00+0000"
"@parsifallo64RT@Amelia_TS:firstitgoesuphercutewetpussy!http://tco/PChLU38VSat,13Oct201213:13:56+0000"
"@Phrozen357SawthispicturelastnightandIdiedlaughinghttp://tco/WsIACC1ESat,13Oct201213:13:38+0000"
"@codexleprosoarghfuckkill-http://tco/GGeW4UmhSat,13Oct201213:12:44+0000"
"@tonymechLastnightatIrvingPlaza#chainofstrengthhttp://tco/KbZEcuzISat,13Oct201213:12:14+0000"
"@Amelia_TShttp://tco/HkOafBcJfilthyfriendplayswithmyglasstoy!Sat,13Oct201213:12:07+0000"
"@AngelsFanRobbYouknowyourwaytooearlywhenyourtheonlyoneontheplatform!!http://tco/pe7BnDpMSat,13Oct201213:11:57+0000"
"@PepeRodriAdamsRT@rdaustralia:Thebest#GlobalNoisevideofromMelbournePleaseRT@potbanging@OccupyWallSt@potbangingcrew#13ohttp://tco/eQTIoKmSSat,13Oct201213:11:55+0000"
"@ShowItToUs@ShowItToUsrecommendsto#follow:

@Banginhot1

http://tco/91OuaXhCSat,13Oct201213:11:31+0000"
"@codexleprosoRockabillyhell-http://tco/YDL5RxANSat,13Oct201213:11:16+0000"
"@hotjulie_jewelRT@vickyvette:~http://tco/SUToG6k1~Isupport#NationalNoBraDay~retweetifyoudotoo!Sat,13Oct201213:11:13+0000"
"@ThePartyCrewSA@UncommonFact:Ifyouareastudent,78%ofyoudoTHISregularlyhttp://tco/1rQU83TvSat,13Oct201213:11:06+0000"
"@mattsflatRT@Amelia_TS:luckyslavehadhisfill!http://tco/ogwKTc5HSat,13Oct201213:10:21+0000"
"@MilfdawgRT@ForeverBeautify:TheSexiestGirloftheWeek@missireynolds-http://tco/dkbO70XKSat,13Oct201213:09:57+0000"
"@paigeingramMissthemmoreeveryday@nickybyrneoffic@ShaneFilan@MarkusFeehily@KianEganWLhttp://tco/mh6mS1VeSat,13Oct201213:09:52+0000"
"@Amelia_TSluckyslavehadhisfill!http://tco/ogwKTc5HSat,13Oct201213:09:39+0000"
"@mattsflatRT@Amelia_TS:thiswaswhatididtoMrBigonWednesday!http://tco/FOg1IZQJSat,13Oct201213:09:04+0000"
"@Amelia_TSthiswaswhatididtoMrBigonWednesday!http://tco/FOg1IZQJSat,13Oct201213:08:28+0000"
"@SteephselClippingfoutjein#Dishonored:http://tco/BuUlg71NSat,13Oct201213:07:48+0000"
"@AugDogTweets@swissmissohioIhaveasympathyheadachewithmyparents!Ok,Ijustliketosnuggleonapillowhttp://tco/9UT9ofBaSat,13Oct201213:03:47+0000"
"@NathansRealityRT@GoodEnergyBroHey,downloadthatnewMixtapefrom@NickCannonsNewGuyGroup!@Official4Counthttp://tco/eyCMMRrZ#Ncredible!Sat,13Oct201213:16:19+0000"
"@Silk_ebooksfuckingdicksSat,13Oct201213:19:59+0000"
"@Silk_Nasty1RT@OJBOinc:CinemagramisbigboyswagginontheseinnanetsSat,13Oct201213:19:18+0000"
"@__davidcasey@MrRadio__@ninja_pixieHOWVERYDAREYOU!!!WheresmysilkglovestostrikeyouwithSat,13Oct201213:19:00+0000"
"@HeatherJFordSpiderSilkCouldWeaveBiodegradableComputerChips|WiredScience|http://tco/HlYlTeIdhttp://tco/ETco1ExwSat,13Oct201213:18:57+0000"
"@nowayoranywaySpiderSilkCouldWeaveBiodegradableComputerChips|WiredScience|http://tco/7Cg09MFghttp://tco/rImY58oGSat,13Oct201213:18:54+0000"
"@HubadabubadaItsbeenthatlongsinceIvebeenout,IalmostfeellikeIshouldbepoppingdowntheoffiefor10silkcutSat,13Oct201213:18:54+0000"
"@AnitaUbhi#todayimwearing#lookoftheday#H&amp;M#Cobalt#Bluejumper,#AlexanderMcQueen#Silk#Anthracite#Grey#Skull#Shttp://tco/sJXOQrPKSat,13Oct201213:18:11+0000"
"@PrimeTimePiryGotonmybuttercreamsilkshirt,anditsVersaceSat,13Oct201213:17:56+0000"
"@arahal_onlineRT@wired:SpiderSilkCouldWeaveBiodegradableComputerChipshttp://tco/72GWiwQoSat,13Oct201213:16:52+0000"
"@outlawzterRT@wired:SpiderSilkCouldWeaveBiodegradableComputerChipshttp://tco/72GWiwQoSat,13Oct201213:16:46+0000"
"@NatashasNylonsPhoto:natashanylons:greysilkstockingsandpussyflashhttp://tco/lqKfTibLSat,13Oct201213:16:42+0000"
"@AfloralDried&amp;PreservedWeddingFlowers:Areyouabridetornbetweenchoosingrealweddingflowersandsilkhttp://tco/iTKT8JyeSat,13Oct201213:16:04+0000"
"@Glover_Silk@abigail_shortBetterthanbeingatwork!#boredSat,13Oct201213:15:42+0000"
"@KnifewearCFM@cookskornerStartingNov15wellbebesideSilkRoadSpiceMerchantsSat,13Oct201213:15:22+0000"
"@Silk_Jr2k11RT@XSTROLOGY:Youwontgetboredinbedwithan#AquariusSat,13Oct201213:15:07+0000"
"@PersuasionC@PurrzrpIfindthatherhappinessmademefeelgoodandIlikedthefeelingPickingupthesilklingerieItouchittomycheek""Thisis-Sat,13Oct201213:14:57+0000"
"@_FashionPicsNewHighheelspic#partyshot!http://tco/Bc6Nr42jSat,13Oct201213:14:18+0000"
"@HighHeelsSophieNewHighheelspic#partyshot!http://tco/CxUP8DXSSat,13Oct201213:14:18+0000"
"@jonathandefoyHermesLatestLineOfTiesIsInspiredByComputerNerdshttp://tco/uQry7h6p?Irarelyweartiesbutifyouhavenochoice,thisiscool!Sat,13Oct201213:13:48+0000"
"@jailed_iSTAR@Secretimehs_ISiprotectitsomuchlikeasilkright?Sat,13Oct201213:13:36+0000"
"@Silk_Nasty1RT@OJBOinc:JustgetaniPhoneandquitbeinhardheadedSat,13Oct201213:13:32+0000"
"@finckendorffGenerativeArtfortheMasses-surrogateself:SILK:magicalinteractiveartworkhttp://tco/KgvMLLIISat,13Oct201213:13:31+0000"
"@bitchkrieg@henryWalters5fishnetsarescratchysilkthighhighs:Sat,13Oct201213:13:25+0000"
"@profsobukwe@CulpritEnterthatwaswhenaniqwacouldntaffordhissilksheetsSat,13Oct201213:13:16+0000"
"@nareshgb1@Anna_SilkHaveanicedayinNYCSat,13Oct201213:13:03+0000"
"@zowchowSpiderSilkCouldWeaveBiodegradableComputerChipshttp://tco/tJxBxOCkvia@zowchowSat,13Oct201213:12:52+0000"
"@gawwwjussKIssatinandsilkthesamematerial??Sat,13Oct201213:12:35+0000"
"@Jesseniakn35StylishPurplehttp://tco/FDc6gTKCSat,13Oct201213:12:21+0000"
"@Silk_Jr2k11RT@TheBlackMambaXo:IfIgeta""B""inanyclassIllbeunhappyIcantexceptthatSat,13Oct201213:12:15+0000"
"@DressfabricSilkLeopardDressFabric
A100%silkdressfabric,lightweight@remnanthouseuk#sewing#silkhttp://tco/iKJnjWuahttp://tco/aaTrA8yaSat,13Oct201213:11:29+0000"
"@MichelleAllanxLookslikeSilkisonthecardstonightthen!YaaaySat,13Oct201213:11:18+0000"
"@Silk_Nasty1IsmokecamelmentholsforbreakfastSat,13Oct201213:10:56+0000"
"@Mordekaiser_LoLRockingatietonightmadeofpurpleminioImeansilkhttp://tco/7tlETaGzSat,13Oct201213:10:56+0000"
"@1UniquePassionMagicSilksLustCollectionExpandsWithNewAssortment:MagicSilksLustCollectionoferoticfetishwearhashttp://tco/eLOGSCYBSat,13Oct201213:10:50+0000"
"@real_ibz@CourtnieLea:IwasexpectingsomuchmorefromThaiSilklastnight,itsjustfulloffobbishAfricanmen:-/LOLitsalwayslikethatSat,13Oct201213:10:47+0000"
"@Myartsubmit#WhyDesignYourOwnSilkScreenedT-Shirts#article17863MyartsubmitSat,13Oct201213:10:05+0000"
"@_cleopatraxxgotonmybuttercreamsilkshirtanditsVersaceSat,13Oct201213:09:54+0000"
"@Susannalo82BestDealonBrandhttp://tco/Swjsy0PZSat,13Oct201213:09:33+0000"
"@petalsandvinesSzXSSTheLimitedpheasantskirtbohotanfullflowytieredbelowkneesilk:$2500EndDate:TuesdayOct-23-20http://tco/MxiDpqQMSat,13Oct201213:09:33+0000"
"@Susannalo82BestDealonhttp://tco/8nYYW1t6Sat,13Oct201213:09:33+0000"
"@schenknsteinschenknberrysentyouthispage:SpiderSilkCouldWeaveBiodegradableComputerChipshttp://tco/gwABqVNASat,13Oct201213:09:23+0000"
"@JimCanuckSingingSkypespraisesfordeliveringmusiclessonsvideohttp://tco/qNCwmsP3via@CNETOnemorebenefitofSkypesSILKtechnologySat,13Oct201213:09:06+0000"
"@D_ShipMinooGotonmybuttercreamsilkshirtAnditsVersace!Sat,13Oct201213:08:51+0000"
"@timehonoredjewlRT@LuxeforLess1:Justlisted@eBay!Lovely#LESCOPAINS#Red#SilkDupioniBlend#DressSleevelessSz4268CocktailPartyhttp://tco/snbxJoMUSat,13Oct201213:08:36+0000"
"@Comic_fiendRT@DanSlott:Cool!RT@goodmans84@wired@DanSlott""@wired:SpiderSilkCouldWeaveBiodegradableComputerChipshttp://tco/31VdT4co""Sat,13Oct201213:08:18+0000"
"@cwhiteukRT@bostonunited:UNITED:Haystead;Silk,Ward,Stainfield,Jelleyman;Fairclough,Milnes,Ross,Newsham;Jones,Weir-DaleySat,13Oct201213:07:59+0000"
"@luciaa_xOGotonmybuttercremesilkshirt,anditsVersace;Sat,13Oct201213:07:56+0000"
"@jaymzaciousItswhitesilk,itsliterallylikesheissittingtheirintentionallyflashingme!IthinkshesclockedthatIvenoticed#boobiewatcherSat,13Oct201213:07:56+0000"
"@jay_buba:Iknewuwould@pepscallmeyets:@jay_bubaImgoodtnxandwellprouduusedthewordsilk:""Sat,13Oct201213:07:36+0000"
"@CouponSmartcomBuy1SchickHydroSilkRefill,Get1RazorFREEhttp://tco/RFlgRUzB#CouponsSat,13Oct201213:07:26+0000"
"@timehonoredjewlRT@itsthyme09:LookwhatIfoundon@eBay!http://tco/O1yBv9ZH#VintageMint#TOMMYBAHAMAWomens100%SilkTropicalCamp#ShirtFASTN#FREESHIPPINGSat,13Oct201213:07:24+0000"
"@xbizMagicSilksLustCollectionExpandsWithNewAssortmenthttp://tco/v2CuSAD5Sat,13Oct201213:07:17+0000"
"@rohantungate@chelsfergoruatsilktonight?Sat,13Oct201213:07:16+0000"
"@joebeaver75View@joebeaver75spredictionofnewfollowersatTwitterCounter:http://tco/udbO1ALQvia@TheCounterSat,13Oct201213:14:32+0000"
"@wanawahidJustinstalledtheTwitterCounterWidget:http://tco/bbLPcmaaonmyblog:http://tco/WsY7lNc3Sat,13Oct201213:10:10+0000"
"@MarjolijnLief!withMathys,Sophie,and2othersat@Foodzy[pic]http://tco/4P6sxkodSat,13Oct201213:15:15+0000"
"@vtmomo4boysyeahwhathesaidMT@MattTrollinger
SportsGods-ubetterbsendingmegoodkarma/RedskinsvictorythisweekendWhatudidtome2day:cruelSat,13Oct201213:20:13+0000"
"@nurullsakinahibelieveinkarma,whatyougiveiswhatyougetreturnedSat,13Oct201213:20:09+0000"
"@alriaaaRT@PASKENAHATIKU:Youplaydrama,yougetkarma~Sat,13Oct201213:20:06+0000"
"@bradk75@nascarcasm@PPistoneTheNationalsgotawhattheydeserve,karmaforanextremelydumbdecisionSat,13Oct201213:20:05+0000"
"@Monarch_KarmaLifeNeedsToTeachMeLessLessonsSat,13Oct201213:20:03+0000"
"@NeveWaldronKarmaneedstohurryuponyouButthenIguessyoustillwontrealisehowmuchbad&amp;painyouvecausedSat,13Oct201213:20:02+0000"
"@Karma_ok""@BCUAthletics:#didyouknowthatBCUistheonlyMEACteamthathashadawinningrecordeachoflast4years?""@RickeySmileySat,13Oct201213:19:59+0000"
"@OfficialC21RT@PASKENAHATIKU:Youplaydrama,yougetkarma~Sat,13Oct201213:19:57+0000"
"@Karma_BikerGirlYawnsUpnshoweredearlythismorningreadyforbreakfastsoon#hotcakesNsausage#A&amp;MHomeComingSat,13Oct201213:19:55+0000"
"@SyahiranSuradiIsthiskarma?Walauwei!ItsnotevenipurposelySat,13Oct201213:19:53+0000"
"@FriskaKhaiRIPAmandaTodd,shewasbulliedtothepointshehadtokillherselfPeoplemakemistakes!Towhoeverbulliedherkarmawillgetyou!Sat,13Oct201213:19:50+0000"
"@andrrrianti_Youplaydrama,yougetkarma~Sat,13Oct201213:19:48+0000"
"@vithazhrRT@PASKENAHATIKU:Youplaydrama,yougetkarma~Sat,13Oct201213:19:48+0000"
"@LulyArmientaRT@lnstgram:believeinkarma,whatyougiveiswhatyougetreturnedSat,13Oct201213:19:47+0000"
"@bintangpitalokaRT@PASKENAHATIKU:Youplaydrama,yougetkarma~Sat,13Oct201213:19:45+0000"
"@karma_suzie@UlaWorldawwwwgorgeous&lt;3&lt;3Sat,13Oct201213:19:44+0000"
"@RachieSmachieeeHahaThisisGREATKarmabitchSat,13Oct201213:19:42+0000"
"@STFU_ImLEGITKarmaIsGoingToTearHisAssUp#noworriesSat,13Oct201213:19:41+0000"
"@4BluntsBlowin_RT@WhiteKnight931:KarmaAMFRealTalkSat,13Oct201213:19:38+0000"
"@nikolasangdjajaLetmeslapthatpersonvinaRT@elvinajslyn:Hopekarmaslapsyoufirstbeforeido:Sat,13Oct201213:19:38+0000"
"@angel_irmaawRT@PASKENAHATIKU:Youplaydrama,yougetkarma~Sat,13Oct201213:19:28+0000"
"@shitaherfiahRT@PASKENAHATIKU:Youplaydrama,yougetkarma~Sat,13Oct201213:19:27+0000"
"@SweetSassySyd@I__Am__KarmacoolSat,13Oct201213:19:25+0000"
"@iamadreamer__RT@Jazmyn_love1:ithinkihavebadkarmaSat,13Oct201213:19:22+0000"
"@hannahbourke_RT@Nessa1dee:EveryoneonmytimelineisgivingmeHarryfeelsIhateallofyou!OfftostudybutIleaveyouwiththis!Karma-Chttp://tco/ebGkQvtASat,13Oct201213:19:22+0000"
"@Juniour_2010RT@Drakee_YMCMB:Ifyouhurtsomeone,thenbereadyBecausekarmacomesbackSat,13Oct201213:19:17+0000"
"@CandraTbkRT@ItsAGirIThing:EvenagoodplayercouldsomedaybeatoyofabetterplayerThegameiscalledKarmaSat,13Oct201213:19:15+0000"
"@maxiinex3IfkarmadoesntgetyouIsureashellwillKayla!Sat,13Oct201213:19:14+0000"
"@Morg2ZSomebodyactuallynamedtheirkidkarma,Sat,13Oct201213:19:09+0000"
"@ryanseslerRT@J680Anderson:IhaveabadfeelingthoseselfishbastardsinStLouisareusingupallthegoodkarmafortheentirestateofMissouriSat,13Oct201213:19:07+0000"
"@elvinajslynHopekarmaslapsyoufirstbeforeido:Sat,13Oct201213:19:07+0000"
"@Bri__Nicole2IdontwanttosayitskarmabutnowIknowyouknowexatlyhowIfeltSat,13Oct201213:19:05+0000"
"@egy_serdadoeRT@PASKENAHATIKU:Youplaydrama,yougetkarma~Sat,13Oct201213:19:02+0000"
"@fennypuspitaaRT@PASKENAHATIKU:Youplaydrama,yougetkarma~Sat,13Oct201213:19:00+0000"
"@LenyNingtiaRT@PASKENAHATIKU:Youplaydrama,yougetkarma~Sat,13Oct201213:18:59+0000"
"@jdmASSbitchyouregoingtodiealonelypainfuldeathandkarmawillgetyourassSat,13Oct201213:18:59+0000"
"@MissMikipKarmamotherfuckers!Believeitcazitsreal!DontdofuckedupshittopplySat,13Oct201213:18:57+0000"
"@eomack91@Truthful_GentiPhonekarma?ThatwouldexplainalotSat,13Oct201213:18:56+0000"
"@andresdxckarmaisabitch,right!!Sat,13Oct201213:18:56+0000"
"@gheacitraaRT@PASKENAHATIKU:Youplaydrama,yougetkarma~Sat,13Oct201213:18:55+0000"
"@I__Am__KarmaBabycomewithmeyoullliveadreamSat,13Oct201213:18:54+0000"
"@Kyhan_JihanRT@PASKENAHATIKU:Youplaydrama,yougetkarma~Sat,13Oct201213:18:52+0000"
"@markmartin_7RT@Bgevens:Breaking-outthewhitepantkarmaagainfortoday!!#huskynation#huskyprideSat,13Oct201213:18:50+0000"
"@_Karma_ABitch-inEastChase!Sat,13Oct201213:18:49+0000"
"@EzzatRyosuekeBBLetkarmafuckyouupSat,13Oct201213:18:49+0000"
"@hassankhan_1994@CallMeKarmthankyou:howyoufeelingnowkarma?XSat,13Oct201213:18:48+0000"
"@AlmaEnid2RT@lnstgram:believeinkarma,whatyougiveiswhatyougetreturnedSat,13Oct201213:18:45+0000"
"@Bima_Bramasta7Youplaydrama,yougetkarma~Sat,13Oct201213:18:39+0000"
"@Tatha_ChyntaRT@PASKENAHATIKU:Youplaydrama,yougetkarma~Sat,13Oct201213:18:37+0000"
"@itsher_Karmaabadb-wordSat,13Oct201213:18:29+0000"
"@inloved98RT@ItsMeekMill:ExcusemeKarma,ifyoudontmind,IhaveawholelistofpeopleyoumissedSat,13Oct201213:18:26+0000"
"@omiichuppyRT@PASKENAHATIKU:Youplaydrama,yougetkarma~Sat,13Oct201213:18:26+0000"
"@ReallyMsDowdell@KHBDOLLA:DearKarma,IhavealistofpeopleyoumissedSat,13Oct201213:18:25+0000"
"@sweetobsessKarmareallydoexistLOLKarmaiskarmatherenootherreasontoreplacekarmaSat,13Oct201213:18:20+0000"
"@TittleDaltonThankyoukarmaSat,13Oct201213:18:15+0000"
"@JojosidentityKARMAisneverPATIENT!!!Sat,13Oct201213:18:14+0000"
"@Nha_elinafgRT@PASKENAHATIKU:Youplaydrama,yougetkarma~Sat,13Oct201213:18:12+0000"
"@AdindaErina9RT@PASKENAHATIKU:Youplaydrama,yougetkarma~Sat,13Oct201213:18:10+0000"
"@hungryhavyRT@LMAO_TWITPICS:Karmatakestoolonghttp://tco/OzK8qc2XSat,13Oct201213:18:10+0000"
"@Karma_Collects""PassionisthesourceofourfinestmomentsThejoyoflove,theclarityofhatred,andtheecstasyofgrief""Sat,13Oct201213:18:10+0000"
"@purisraRT@PASKENAHATIKU:Youplaydrama,yougetkarma~Sat,13Oct201213:18:09+0000"
"@MiylenKlistinutYouplaydrama,yougetkarma~Sat,13Oct201213:18:08+0000"
"@andrputriRT@PASKENAHATIKU:Youplaydrama,yougetkarma~Sat,13Oct201213:18:08+0000"
"@nadyadeaaaRT@PASKENAHATIKU:Youplaydrama,yougetkarma~Sat,13Oct201213:18:07+0000"
"@400kayImsorryifindittooentertainingwhenKarmaplaysoutSat,13Oct201213:18:05+0000"
"@razakgoodboyWorstkarmaeverRejectingpeoplewholoveyouandgetrejectedbypeopleyouloveSat,13Oct201213:18:04+0000"
"@KarmaHope#plaits#hair#karma#lincraft#dayouthttp://tco/aipkrkmPSat,13Oct201213:17:58+0000"
"@naynayy28RT@BiancaMattia:@naynayy28andthenstealhisbike!KarmaSat,13Oct201213:17:58+0000"
"@HanaGerekKarmahitrightbforeholidaywhichistmrnowIcantswimSat,13Oct201213:17:53+0000"
"@angeleyewings@dannnnnhumphreysoitmightbeheretodayorMonday,illjustnotbeepupsin:#karmaSat,13Oct201213:17:50+0000"
"@arison_ko19RT@PASKENAHATIKU:Youplaydrama,yougetkarma~Sat,13Oct201213:17:49+0000"
"@Suus_13Andisntitfunnyhowthoseblackcloudsfollowyouaround?ItsKarmasmilingdown,justletmeknowwhenitsintownSat,13Oct201213:17:46+0000"
"@I__Am__Karma@SweetSassySydyourawakeImabouttocallyouSat,13Oct201213:17:43+0000"
"@Aesth3tic_KarmaArepeoplewhoarehalfJewsjew-ish?Sat,13Oct201213:17:40+0000"
"@YoBitch_House1RT@WhiteKnight931:KarmaAMFRealTalkSat,13Oct201213:17:37+0000"
"@febriantiajengRT@PASKENAHATIKU:Youplaydrama,yougetkarma~Sat,13Oct201213:17:34+0000"
"@YulianapusvitaRT@PASKENAHATIKU:Youplaydrama,yougetkarma~Sat,13Oct201213:17:33+0000"
"@joshgcreativeRT@_Pixelbrand:whatisyourbranddoingtohelpthoseinneed?AlwaysopportunityouttheretohelpANDgrow!#karma#branding#csrSat,13Oct201213:17:30+0000"
"@om_ploongRT@PASKENAHATIKU:Youplaydrama,yougetkarma~Sat,13Oct201213:17:30+0000"
"@windavplubisRT@PASKENAHATIKU:Youplaydrama,yougetkarma~Sat,13Oct201213:17:29+0000"
"@Ulfah_RWURT@PASKENAHATIKU:Youplaydrama,yougetkarma~Sat,13Oct201213:17:26+0000"
"@Mr_Landshark@stilettophiledogoodthingsandgoodthingscomebacktoyou#karmaSat,13Oct201213:17:23+0000"
"@ThisChickDopeRT@ken64ken:KarmacomequickerfortheniggaontheothersideofthegunthatssomethingIgottateachmysonSat,13Oct201213:17:20+0000"
"@_BlevinssRIPAmandaTodd,shewasbulliedtothepointshehadtokillherselfPeoplemakemistakes!Towhoeverbulliedherkarmawillgetyou!Sat,13Oct201213:17:16+0000"
"@febrianisasandiRT@PASKENAHATIKU:Youplaydrama,yougetkarma~Sat,13Oct201213:17:16+0000"
"@Dima_DoughanRT@kindabsat:Icanpromiseyouthattreatingpeoplelikeshitwilleventuallycomearound&amp;biteyouintheass#karmaSat,13Oct201213:17:15+0000"
"@wiwikpratiwi11RT@delirakmswr:PerasaankusamaWiwiksekarangsamaWeresamegirl!Dontsad,justkeepsilentASAP,theywillgettheirownkarma!:@wiwikpratiwi11Sat,13Oct201213:17:13+0000"
"@dwiputraCruiseRT@PASKENAHATIKU:Youplaydrama,yougetkarma~Sat,13Oct201213:17:08+0000"
"@ManOnMyOwnIfyouhurtsomeone,thenbereadyBecausekarmacomesbackSat,13Oct201213:17:02+0000"
"@DwiDoniPrasetiyRT@PASKENAHATIKU:Youplaydrama,yougetkarma~Sat,13Oct201213:17:00+0000"
"@Print365Karmamustofsensediwasinagoodmood&amp;havingagoodday,asmycarhasdecideditwouldreallylikeabrandnewclutchfor500!!!!Sat,13Oct201213:17:00+0000"
"@Ditaa_LestariRT@PASKENAHATIKU:Youplaydrama,yougetkarma~Sat,13Oct201213:16:58+0000"
"@mrs_karma_sutra@typicaltara_comheydmmeurnumberItextutheotherdaySat,13Oct201213:16:58+0000"
"@audyaimer127RT@PASKENAHATIKU:Youplaydrama,yougetkarma~Sat,13Oct201213:16:57+0000"
"@Isti_25RT@PASKENAHATIKU:Youplaydrama,yougetkarma~Sat,13Oct201213:16:53+0000"
"@dominiqueannnneRT@lexilu0299:Youbetterhopekarmagetsyoubefore
Ifindyouandshoveacactusupyourassyoupieceofshit#dontfuckwithmyfriendsSat,13Oct201213:16:51+0000"
"@brodyjosephsmomRT@diaryforteens:KarmatakestoolongIdratherbeattheshitoutofyounowSat,13Oct201213:16:51+0000"
"@eghaBRRPRT@PASKENAHATIKU:Youplaydrama,yougetkarma~Sat,13Oct201213:16:43+0000"
"@_chan10100hyun@Mupdictatori*think*thatthepublicsalewillbeonnextweekonhttp://tco/wqHjynQ2theyhaventannouncedtheofficialinfoyetSat,13Oct201213:10:37+0000"
"@tuks134nnaImkindaslowhleng,loveatthirdsight#hidesRT@MphoMaboi:Loveat1stsightSat,13Oct201213:19:15+0000"
"@1gormsKKKKKKKKKKKKKKKKKKKKKKKKKKKKKKKKKKKKKKKKKKKKKKKKKKKapoioaideiadorafaelFri,12Oct201203:34:38+0000"
